mle,alpha,seed,success
0.5996050217221771,0.6,0,1
0.6947679986565266,0.7,0,1
0.7978486696109295,0.8,0,1
0.5827460121476364,0.6,1,1
0.6969624909059361,0.7,1,1
0.795775901681862,0.8,1,1
0.598607697850176,0.6,2,1
0.7020811724951688,0.7,2,1
0.8029025099919627,0.8,2,1
0.5491353034651455,0.6,3,0
0.6957704822404123,0.7,3,1
0.803829022608487,0.8,3,1
0.5893797490797439,0.6,4,1
0.708540482887792,0.7,4,1
0.8032849059949374,0.8,4,1
0.6067880661401925,0.6,5,1
0.7038511457940002,0.7,5,1
0.7968922223401809,0.8,5,1
0.6018892002095773,0.6,6,1
0.699973187356365,0.7,6,1
0.7968764703131146,0.8,6,1
0.5873156513155032,0.6,7,1
0.6987195672696892,0.7,7,1
0.8062832350507946,0.8,7,1
0.6075794006459051,0.6,8,1
0.675999242985628,0.7,8,0
0.7982511774593019,0.8,8,1
0.6045520976565041,0.6,9,1
0.7064078603291347,0.7,9,1
0.797506820050503,0.8,9,1
0.6145790234141465,0.6,10,1
0.700311958464349,0.7,10,1
0.800752366321277,0.8,10,1
0.5803974224004859,0.6,11,1
0.7033484513442703,0.7,11,1
0.7984344983554122,0.8,11,1
0.5901225734552518,0.6,12,1
0.6918952339220928,0.7,12,1
0.7983596134915308,0.8,12,1
0.5768655451388874,0.6,13,1
0.704692529216885,0.7,13,1
0.8095962446127387,0.8,13,0
0.6188072555949361,0.6,14,1
0.6924553840958386,0.7,14,1
0.8031372361073055,0.8,14,1
0.6071675001916014,0.6,15,1
0.716995114085146,0.7,15,0
0.8066184584645194,0.8,15,1
0.5957148434297244,0.6,16,1
0.7106926865478502,0.7,16,1
0.7988347660540313,0.8,16,1
0.5976397130242587,0.6,17,1
0.7102961572199946,0.7,17,1
0.7983328557534025,0.8,17,1
0.6026596477542528,0.6,18,1
0.7018437298233912,0.7,18,1
0.8025238873056071,0.8,18,1
0.6222849844143725,0.6,19,1
0.6981897985206488,0.7,19,1
0.8016659397665991,0.8,19,1
0.6093053469141002,0.6,20,1
0.7166749170464647,0.7,20,1
0.8093320455922308,0.8,20,1
0.6176054228225856,0.6,21,1
0.6939111599624983,0.7,21,1
0.8042292977593454,0.8,21,1
0.5838307246172045,0.6,22,1
0.7062769073840992,0.7,22,1
0.8064025585994025,0.8,22,1
0.6038991934507204,0.6,23,1
0.6905570494366696,0.7,23,1
0.7991405490103254,0.8,23,1
0.5963037509339069,0.6,24,1
0.7048016797944434,0.7,24,1
0.8003594799154582,0.8,24,1
0.6319634269622413,0.6,25,1
0.7125492047553491,0.7,25,1
0.8068745718771545,0.8,25,1
0.6160207270204817,0.6,26,1
0.7111874639911403,0.7,26,1
0.7964906218479691,0.8,26,1
0.5899446377518969,0.6,27,1
0.6981296819062828,0.7,27,1
0.8019869334077988,0.8,27,1
0.5992284671153412,0.6,28,1
0.6858151408919396,0.7,28,0
0.8026931982050468,0.8,28,1
0.611571592703044,0.6,29,1
0.7077407230230375,0.7,29,1
0.796196009968712,0.8,29,1
0.6116273773764559,0.6,30,1
0.7098651668760463,0.7,30,1
0.8036944844878979,0.8,30,1
0.6172942635648601,0.6,31,1
0.6998898147913057,0.7,31,1
0.8008389478208101,0.8,31,1
0.6093592457480415,0.6,32,1
0.6934314618350795,0.7,32,1
0.80562501827622,0.8,32,1
0.5879000262768548,0.6,33,1
0.6905598295653086,0.7,33,1
0.790504045176693,0.8,33,0
0.589681804622937,0.6,34,1
0.7020585769201266,0.7,34,1
0.7946180968764428,0.8,34,1
0.5954468250703197,0.6,35,1
0.6845788968706872,0.7,35,1
0.8058836552195237,0.8,35,1
0.5729084203070045,0.6,36,1
0.6923498894105021,0.7,36,1
0.8011982540206268,0.8,36,1
0.5916456322271259,0.6,37,1
0.7095104133998533,0.7,37,1
0.7941874749739879,0.8,37,1
0.6106792901111538,0.6,38,1
0.7086879997162275,0.7,38,1
0.8089476584497225,0.8,38,1
0.6178599254747262,0.6,39,1
0.7049939176071265,0.7,39,1
0.8024743480907105,0.8,39,1
0.6047818549062702,0.6,40,1
0.7028664751262154,0.7,40,1
0.7971859912269503,0.8,40,1
0.6112180048673513,0.6,41,1
0.6980743302671405,0.7,41,1
0.8003440019075633,0.8,41,1
0.598041472089484,0.6,42,1
0.6988014266315452,0.7,42,1
0.8007315452462286,0.8,42,1
0.5969786937183768,0.6,43,1
0.7040792650969457,0.7,43,1
0.7938122823855491,0.8,43,1
0.6036347146741501,0.6,44,1
0.6999496689220887,0.7,44,1
0.7940554383890256,0.8,44,1
0.5884003717319173,0.6,45,1
0.6997265971387396,0.7,45,1
0.8016601232556161,0.8,45,1
0.5771691905647581,0.6,46,1
0.6879540315052975,0.7,46,1
0.8052105751286405,0.8,46,1
0.6013646655855325,0.6,47,1
0.7049622061891576,0.7,47,1
0.7957990152682233,0.8,47,1
0.5926884352751965,0.6,48,1
0.7054186030114119,0.7,48,1
0.7933418356605175,0.8,48,1
0.6004513978328131,0.6,49,1
0.6962328885598555,0.7,49,1
0.8013361843245987,0.8,49,1
0.5846031847443234,0.6,50,1
0.7006303463291562,0.7,50,1
0.7975587225593058,0.8,50,1
0.6042406943910316,0.6,51,1
0.703912026211244,0.7,51,1
0.8032145889791003,0.8,51,1
0.6092507985002404,0.6,52,1
0.692534117872002,0.7,52,1
0.792434224467379,0.8,52,1
0.6130185434269476,0.6,53,1
0.6857087210577993,0.7,53,1
0.8018485383911014,0.8,53,1
0.5962375422486941,0.6,54,1
0.7080920055039205,0.7,54,1
0.7905568047630599,0.8,54,1
0.6250217012139371,0.6,55,1
0.6988855311752666,0.7,55,1
0.7993489893872858,0.8,55,1
0.6120203894703135,0.6,56,1
0.695588089966604,0.7,56,1
0.7969863851361024,0.8,56,1
0.6268219402510636,0.6,57,0
0.703152642502823,0.7,57,1
0.7980450179713217,0.8,57,1
0.6260417705449752,0.6,58,1
0.7086701468110582,0.7,58,1
0.7950659558313228,0.8,58,1
0.6138131686611161,0.6,59,1
0.6921818382412626,0.7,59,1
0.8017977011823285,0.8,59,1
0.6155040821252471,0.6,60,1
0.7124449812477945,0.7,60,1
0.8037010024018415,0.8,60,1
0.5943711129602357,0.6,61,1
0.6973978721431392,0.7,61,1
0.8001407091233784,0.8,61,1
0.5993762311431489,0.6,62,1
0.7081094099857497,0.7,62,1
0.8021521546755298,0.8,62,1
0.6202047415560825,0.6,63,1
0.6784589834832442,0.7,63,1
0.8000385589583402,0.8,63,1
0.6034971454938441,0.6,64,1
0.6835110047179941,0.7,64,1
0.8048383913567884,0.8,64,1
0.5899251412587996,0.6,65,1
0.711647527487188,0.7,65,1
0.8072237056516086,0.8,65,1
0.5860901221770027,0.6,66,1
0.715035959482437,0.7,66,0
0.8029076355798122,0.8,66,1
0.6005804387720498,0.6,67,1
0.6948762756190409,0.7,67,1
0.8001237156924389,0.8,67,1
0.6090229499659039,0.6,68,1
0.7130310467108477,0.7,68,1
0.7960433878427201,0.8,68,1
0.6017528559728852,0.6,69,1
0.6926566407125502,0.7,69,1
0.8000823648614617,0.8,69,1
0.5960088042076542,0.6,70,1
0.6950925524261506,0.7,70,1
0.7951167478421487,0.8,70,1
0.6019843056992517,0.6,71,1
0.7115208150325212,0.7,71,1
0.8147413621886856,0.8,71,0
0.6202718241246443,0.6,72,1
0.7022894003356243,0.7,72,1
0.8049803226875465,0.8,72,1
0.6004588416338813,0.6,73,1
0.7013833237825069,0.7,73,1
0.800775620774766,0.8,73,1
0.5956041230655795,0.6,74,1
0.6971900318637585,0.7,74,1
0.8035814426844479,0.8,74,1
0.5966527528432664,0.6,75,1
0.7082557326810213,0.7,75,1
0.8031701322451784,0.8,75,1
0.604900536082788,0.6,76,1
0.6876297186574811,0.7,76,1
0.8006441288126257,0.8,76,1
0.6091826248873908,0.6,77,1
0.7008869745885342,0.7,77,1
0.8018379932282357,0.8,77,1
0.5961568295153732,0.6,78,1
0.6946210538281243,0.7,78,1
0.8007544133404384,0.8,78,1
0.6230216244686861,0.6,79,1
0.7142990546728951,0.7,79,1
0.8010333830083016,0.8,79,1
0.6117602400015224,0.6,80,1
0.7010673191738177,0.7,80,1
0.802844339571413,0.8,80,1
0.5890648924000459,0.6,81,1
0.6915398281669319,0.7,81,1
0.8020815762387538,0.8,81,1
0.5974423738807746,0.6,82,1
0.7037429719386573,0.7,82,1
0.8015398217097578,0.8,82,1
0.6275401968492412,0.6,83,1
0.6986378315116828,0.7,83,1
0.8022893828683213,0.8,83,1
0.588326416289839,0.6,84,1
0.698228123111687,0.7,84,1
0.7983054986385215,0.8,84,1
0.5586779523748834,0.6,85,0
0.7048265269476515,0.7,85,1
0.8023272686878054,0.8,85,1
0.6063818372649438,0.6,86,1
0.7080117318450354,0.7,86,1
0.8034623168582252,0.8,86,1
0.6240849149738557,0.6,87,1
0.6888015077185298,0.7,87,1
0.8017164902882052,0.8,87,1
0.5959593198231777,0.6,88,1
0.7015568295937994,0.7,88,1
0.7981644872459152,0.8,88,1
0.6010695149009608,0.6,89,1
0.7026506178259659,0.7,89,1
0.8019892234402449,0.8,89,1
0.5880057621169841,0.6,90,1
0.7027562478922831,0.7,90,1
0.7952247683361827,0.8,90,1
0.6187684163191685,0.6,91,1
0.7080652702767263,0.7,91,1
0.7933121413580474,0.8,91,1
0.5765313196334481,0.6,92,1
0.7144960024117162,0.7,92,1
0.7976576853015418,0.8,92,1
0.598383928133305,0.6,93,1
0.6993676487541186,0.7,93,1
0.8039452489660992,0.8,93,1
0.60600619853536,0.6,94,1
0.7144688590222686,0.7,94,1
0.8025362856361047,0.8,94,1
0.6350299302938511,0.6,95,0
0.7137721984756384,0.7,95,1
0.7977545594339776,0.8,95,1
0.6040271251043596,0.6,96,1
0.7130670231041469,0.7,96,1
0.8079321216095847,0.8,96,1
0.6155000158191443,0.6,97,1
0.7117776462904799,0.7,97,1
0.8025583944589814,0.8,97,1
0.6213149794192209,0.6,98,1
0.6920089272458849,0.7,98,1
0.7957851958531211,0.8,98,1
0.6115584833439276,0.6,99,1
0.6988031361526866,0.7,99,1
0.7967461998029486,0.8,99,1
0.5897380508063309,0.6,100,1
0.7031565951410931,0.7,100,1
0.8020849810944982,0.8,100,1
0.584664909725896,0.6,101,1
0.7047968042023979,0.7,101,1
0.8014244544507844,0.8,101,1
0.6064009113226411,0.6,102,1
0.7075362057568632,0.7,102,1
0.7958789459799857,0.8,102,1
0.6123791954156269,0.6,103,1
0.6981919749140442,0.7,103,1
0.7950260953488999,0.8,103,1
0.595634387494554,0.6,104,1
0.7050962625575374,0.7,104,1
0.8047685932744129,0.8,104,1
0.6175164115862479,0.6,105,1
0.7060674604900079,0.7,105,1
0.8015355076441288,0.8,105,1
0.6223236401158808,0.6,106,1
0.7004583446090075,0.7,106,1
0.7996690265502134,0.8,106,1
0.6117176454890448,0.6,107,1
0.7036203155517194,0.7,107,1
0.8027277384225144,0.8,107,1
0.5843298611627107,0.6,108,1
0.7099444214240554,0.7,108,1
0.8039801093479193,0.8,108,1
0.6033107430882845,0.6,109,1
0.7055764168484577,0.7,109,1
0.8050407178329556,0.8,109,1
0.579328644531132,0.6,110,1
0.7059393233088294,0.7,110,1
0.7936482260449551,0.8,110,1
0.5692415260901109,0.6,111,1
0.6792578452509478,0.7,111,0
0.7902559215922121,0.8,111,1
0.606241202755629,0.6,112,1
0.7041241249327024,0.7,112,1
0.8012607114422656,0.8,112,1
0.6240087823474899,0.6,113,1
0.6890811088483676,0.7,113,1
0.8022086649011383,0.8,113,1
0.6240839154010471,0.6,114,0
0.7139520134399284,0.7,114,1
0.8012683605447305,0.8,114,1
0.5991123053037396,0.6,115,1
0.7033586107901154,0.7,115,1
0.7976286294057235,0.8,115,1
0.6196885514787667,0.6,116,1
0.705997309311586,0.7,116,1
0.7949102027653407,0.8,116,1
0.5934118825509114,0.6,117,1
0.7081414848823931,0.7,117,1
0.8005565088077057,0.8,117,1
0.6114993218104907,0.6,118,1
0.7037442384695436,0.7,118,1
0.8005390135003636,0.8,118,1
0.5956934932947985,0.6,119,1
0.7020395949097542,0.7,119,1
0.80283215402863,0.8,119,1
0.5434901811087456,0.6,120,0
0.6990021005441897,0.7,120,1
0.803935703432573,0.8,120,1
0.6137265998329843,0.6,121,1
0.6939335297793134,0.7,121,1
0.7977684242988775,0.8,121,1
0.6064004289384572,0.6,122,1
0.7003226380788231,0.7,122,1
0.8070124421238433,0.8,122,1
0.6140514671900305,0.6,123,1
0.7125487179558677,0.7,123,1
0.7877799422972496,0.8,123,0
0.6091565106807417,0.6,124,1
0.6918485776292163,0.7,124,1
0.8015640007233732,0.8,124,1
0.6223150888550424,0.6,125,1
0.6888616051761138,0.7,125,1
0.7957230478006339,0.8,125,1
0.5775989855420144,0.6,126,1
0.7090188290017083,0.7,126,1
0.8019459933540336,0.8,126,1
0.5938383871925114,0.6,127,1
0.6997862926411355,0.7,127,1
0.7942564756372638,0.8,127,1
0.6084806390809875,0.6,128,1
0.6895109972556414,0.7,128,1
0.8062417000332643,0.8,128,1
0.610457469003509,0.6,129,1
0.7005982057147876,0.7,129,1
0.8032322067276463,0.8,129,1
0.5815571501232192,0.6,130,1
0.702039868003526,0.7,130,1
0.806290478484233,0.8,130,1
0.5753865125849174,0.6,131,0
0.7141731135749765,0.7,131,1
0.8012158207856374,0.8,131,1
0.6117135774605679,0.6,132,1
0.7059684087257646,0.7,132,1
0.8009232132945489,0.8,132,1
0.6105169975653331,0.6,133,1
0.7036622921428359,0.7,133,1
0.7886066439760016,0.8,133,0
0.6185735085039169,0.6,134,1
0.6991942821475027,0.7,134,1
0.8052147273187538,0.8,134,1
0.5992405821173209,0.6,135,1
0.688227132326038,0.7,135,1
0.7989529195881192,0.8,135,1
0.5984889964565795,0.6,136,1
0.6930012340353502,0.7,136,1
0.8078629939985648,0.8,136,1
0.6128972804599058,0.6,137,1
0.6891108410104299,0.7,137,1
0.7948795201856391,0.8,137,1
0.6083989139785245,0.6,138,1
0.7067191448867032,0.7,138,1
0.7937127125639175,0.8,138,1
0.6195857949812132,0.6,139,1
0.7075046998040011,0.7,139,1
0.8013881870100462,0.8,139,1
0.6074743001701182,0.6,140,1
0.7096214607856057,0.7,140,1
0.8033617566540796,0.8,140,1
0.5910672246764673,0.6,141,1
0.690094529593401,0.7,141,1
0.801389802559577,0.8,141,1
0.6017819903911901,0.6,142,1
0.7046574020575422,0.7,142,1
0.7955636923031716,0.8,142,1
0.598885644607973,0.6,143,1
0.6934320151279654,0.7,143,1
0.8062800813659681,0.8,143,1
0.6055487339942313,0.6,144,1
0.6953413772979008,0.7,144,1
0.7901872130754899,0.8,144,1
0.6139287932942473,0.6,145,1
0.698769217085661,0.7,145,1
0.8029317924727514,0.8,145,1
0.596648456509063,0.6,146,1
0.7034354218280587,0.7,146,1
0.7927956477160187,0.8,146,1
0.5967005040161176,0.6,147,1
0.703063469766117,0.7,147,1
0.8094208948210685,0.8,147,1
0.6004344581259679,0.6,148,1
0.7073482908300731,0.7,148,1
0.7971125198075174,0.8,148,1
0.604755255301153,0.6,149,1
0.7004783854785971,0.7,149,1
0.7877473359742216,0.8,149,1
0.588175878092173,0.6,150,1
0.6912476841448137,0.7,150,1
0.7898543104161697,0.8,150,0
0.5960337656978955,0.6,151,1
0.699549772831737,0.7,151,1
0.7970142828811493,0.8,151,1
0.596376708458034,0.6,152,1
0.7089505933087639,0.7,152,1
0.7988309316315864,0.8,152,1
0.5865016008401268,0.6,153,1
0.708015542038499,0.7,153,1
0.8006018826315071,0.8,153,1
0.6150927752808899,0.6,154,1
0.700982505572568,0.7,154,1
0.8054604943815059,0.8,154,1
0.596701072734877,0.6,155,1
0.694552481722212,0.7,155,1
0.8014515757449218,0.8,155,1
0.5961251859596477,0.6,156,1
0.7090614302321323,0.7,156,1
0.7981940685737798,0.8,156,1
0.6181718819808816,0.6,157,1
0.7056964017196564,0.7,157,1
0.7941162141020591,0.8,157,1
0.6132408483367482,0.6,158,1
0.6953362539421272,0.7,158,1
0.8048426291056753,0.8,158,1
0.6157291949975777,0.6,159,1
0.7026926063158644,0.7,159,1
0.794452888038949,0.8,159,1
0.6095474171350533,0.6,160,1
0.6993812797660908,0.7,160,1
0.8005603443151836,0.8,160,1
0.5930105212013435,0.6,161,1
0.7056010880574108,0.7,161,1
0.8007902246593809,0.8,161,1
0.6145180960684979,0.6,162,1
0.7060649492527329,0.7,162,1
0.8051404410949896,0.8,162,1
0.6081155337025861,0.6,163,1
0.7119111103022477,0.7,163,1
0.7998971249063902,0.8,163,1
0.5901537258752292,0.6,164,1
0.6924480973068814,0.7,164,1
0.7999320678295694,0.8,164,1
0.6169334265155689,0.6,165,1
0.7056035087756821,0.7,165,1
0.800464538268782,0.8,165,1
0.6075097984303004,0.6,166,1
0.6997484697679198,0.7,166,1
0.7881475178686521,0.8,166,0
0.6038240759798499,0.6,167,1
0.6922757860025143,0.7,167,1
0.8093626370546009,0.8,167,0
0.5941862352596086,0.6,168,1
0.6993429280640713,0.7,168,1
0.8052355499791275,0.8,168,1
0.6245695707892847,0.6,169,0
0.7080524282848285,0.7,169,1
0.804937380142541,0.8,169,1
0.6077869474322364,0.6,170,1
0.701127096459209,0.7,170,1
0.8045657733800625,0.8,170,1
0.5944190257997406,0.6,171,1
0.6894358983250157,0.7,171,1
0.8052904142006251,0.8,171,1
0.6075794271971895,0.6,172,1
0.70070100295455,0.7,172,1
0.8026722361834859,0.8,172,1
0.5873720066720525,0.6,173,1
0.6899918590450785,0.7,173,1
0.7956478450541354,0.8,173,1
0.6055141818578926,0.6,174,1
0.7006193310462572,0.7,174,1
0.7935261833231884,0.8,174,1
0.5981719750504986,0.6,175,1
0.7077330387866102,0.7,175,1
0.8079540918503191,0.8,175,1
0.6019530367083917,0.6,176,1
0.6989855680817417,0.7,176,1
0.805439026613725,0.8,176,1
0.5961148507381341,0.6,177,1
0.6996058993888827,0.7,177,1
0.8010660211303733,0.8,177,1
0.6164227810905948,0.6,178,1
0.7024393263975571,0.7,178,1
0.7989869881734613,0.8,178,1
0.6270192357506321,0.6,179,0
0.7127761859600785,0.7,179,1
0.7999457522648565,0.8,179,1
0.5914963518384171,0.6,180,1
0.6946304285783484,0.7,180,1
0.7977895561764696,0.8,180,1
0.590319818144361,0.6,181,1
0.7024172052964968,0.7,181,1
0.7979077660101516,0.8,181,1
0.6043119346158261,0.6,182,1
0.6946695556510977,0.7,182,1
0.8016509539482461,0.8,182,1
0.6098656002201528,0.6,183,1
0.7038359794246679,0.7,183,1
0.8037721991523787,0.8,183,1
0.5970016281931153,0.6,184,1
0.6884083335885208,0.7,184,1
0.8032226252098619,0.8,184,1
0.6033718526282665,0.6,185,1
0.6996955692079292,0.7,185,1
0.7967496129586296,0.8,185,1
0.6027356817933106,0.6,186,1
0.694323020642732,0.7,186,1
0.8012038827965176,0.8,186,1
0.6046186756021046,0.6,187,1
0.7054554917488528,0.7,187,1
0.806651670172713,0.8,187,1
0.6088080953171389,0.6,188,1
0.6880956702818904,0.7,188,1
0.7996835153430469,0.8,188,1
0.6150274286947678,0.6,189,1
0.6980815667855155,0.7,189,1
0.7982122552452415,0.8,189,1
0.6138627381301375,0.6,190,1
0.707777694340726,0.7,190,1
0.7991880325865451,0.8,190,1
0.6091843897573036,0.6,191,1
0.7002699691610379,0.7,191,1
0.7957056484278915,0.8,191,1
0.5966940282734163,0.6,192,1
0.6922555987346565,0.7,192,1
0.798318753102014,0.8,192,1
0.6064968929447313,0.6,193,1
0.6992785627907463,0.7,193,1
0.806363352434728,0.8,193,1
0.6069987237160849,0.6,194,1
0.700039176474421,0.7,194,1
0.8004369932843284,0.8,194,1
0.6543652335601713,0.6,195,1
0.7121349168421992,0.7,195,1
0.8040941348781372,0.8,195,1
0.600370581352116,0.6,196,1
0.7031090942661073,0.7,196,1
0.7925239902535736,0.8,196,1
0.6077142978540773,0.6,197,1
0.6933966569353432,0.7,197,1
0.7975899006808543,0.8,197,1
0.6096670214386782,0.6,198,1
0.7204586393306766,0.7,198,0
0.8054462304289166,0.8,198,1
0.6030694085866504,0.6,199,1
0.6919276423043921,0.7,199,1
0.8066334964534272,0.8,199,1
0.6231922427454041,0.6,200,1
0.7033270747328453,0.7,200,1
0.7940760852310471,0.8,200,1
0.5862565026248908,0.6,201,1
0.6818227825275809,0.7,201,1
0.7962832314129362,0.8,201,1
0.6180857408412492,0.6,202,1
0.6999532356025663,0.7,202,1
0.803469914378967,0.8,202,1
0.6101153037660555,0.6,203,1
0.6788423332736614,0.7,203,0
0.7980487005467594,0.8,203,1
0.6058546457966698,0.6,204,1
0.6962457773887052,0.7,204,1
0.8000355969181732,0.8,204,1
0.6104005408158849,0.6,205,1
0.7069755019434012,0.7,205,1
0.8055050568594221,0.8,205,1
0.6009268650169619,0.6,206,1
0.7016104011898074,0.7,206,1
0.7971616162493197,0.8,206,1
0.5860590149234444,0.6,207,1
0.6904983242212076,0.7,207,1
0.7886993650619583,0.8,207,0
0.6135704759883758,0.6,208,1
0.7102993091059137,0.7,208,1
0.8016381836925152,0.8,208,1
0.6049568919974732,0.6,209,1
0.7129345238230723,0.7,209,1
0.8043746103923255,0.8,209,1
0.603805611915421,0.6,210,1
0.7118030614271211,0.7,210,1
0.7945587955138108,0.8,210,1
0.6302701407480781,0.6,211,0
0.7102415992973462,0.7,211,1
0.8067350385521358,0.8,211,1
0.6044886344389547,0.6,212,1
0.6995508685279603,0.7,212,1
0.8043835488779653,0.8,212,1
0.6131578153568041,0.6,213,1
0.7137269201209535,0.7,213,0
0.7910687333647088,0.8,213,0
0.5977309899999677,0.6,214,1
0.6991754990130109,0.7,214,1
0.7924566412627985,0.8,214,1
0.597952003580843,0.6,215,1
0.6990076931874966,0.7,215,1
0.7939627099551502,0.8,215,1
0.6124107838929558,0.6,216,1
0.7095467430491081,0.7,216,1
0.8045469884652207,0.8,216,1
0.6064427095052288,0.6,217,1
0.7009329342124484,0.7,217,1
0.8020508768042097,0.8,217,1
0.5816092169921039,0.6,218,1
0.6919688569221991,0.7,218,1
0.8004357813686701,0.8,218,1
0.6055066459707655,0.6,219,1
0.71364278416053,0.7,219,1
0.7984410395948067,0.8,219,1
0.5954764483891863,0.6,220,1
0.6904810521817927,0.7,220,1
0.7979296118034274,0.8,220,1
0.598575084401886,0.6,221,1
0.7020196962602702,0.7,221,1
0.8038262508723079,0.8,221,1
0.606130414769651,0.6,222,1
0.7071039737254363,0.7,222,1
0.8035784363946655,0.8,222,1
0.6007341159408548,0.6,223,1
0.6945199175747576,0.7,223,1
0.7956229166237644,0.8,223,1
0.5996685998337903,0.6,224,1
0.702065963933756,0.7,224,1
0.7964651803272236,0.8,224,1
0.6003556735125276,0.6,225,1
0.7068177721843215,0.7,225,1
0.7963864172690815,0.8,225,1
0.6084710760775783,0.6,226,1
0.7151353757333635,0.7,226,0
0.7986277863465802,0.8,226,1
0.598408871684295,0.6,227,1
0.6993320577230172,0.7,227,1
0.7942687755546562,0.8,227,1
0.5929973482669778,0.6,228,1
0.7096664186880202,0.7,228,1
0.8047975623031487,0.8,228,1
0.6176196332656284,0.6,229,1
0.7054959291081737,0.7,229,1
0.7972831487197098,0.8,229,1
0.610558456222589,0.6,230,1
0.7100649361515886,0.7,230,1
0.8026709842776937,0.8,230,1
0.6157753862578015,0.6,231,1
0.7123053583400626,0.7,231,1
0.7983013504979241,0.8,231,1
0.6109144425775292,0.6,232,1
0.7018376460648306,0.7,232,1
0.7943621373792848,0.8,232,1
0.6301057194718143,0.6,233,0
0.7106987883358574,0.7,233,1
0.8113391616773191,0.8,233,0
0.6001656414260841,0.6,234,1
0.711078145452235,0.7,234,1
0.8051171048888566,0.8,234,1
0.6064530176445214,0.6,235,1
0.709514688559773,0.7,235,1
0.8027435190438263,0.8,235,1
0.5969634735075006,0.6,236,1
0.702645912402872,0.7,236,1
0.7978086181588538,0.8,236,1
0.6209811452305306,0.6,237,1
0.6882523468235656,0.7,237,1
0.7958185437297709,0.8,237,1
0.601908662540057,0.6,238,1
0.6976983256371074,0.7,238,1
0.8063180497075374,0.8,238,1
0.6073429111866636,0.6,239,1
0.7024403172155846,0.7,239,1
0.8049389754876899,0.8,239,1
0.611600958181811,0.6,240,1
0.719070444163193,0.7,240,1
0.8053232344566514,0.8,240,1
0.6168413745342552,0.6,241,1
0.7119394729579223,0.7,241,1
0.7953699978178315,0.8,241,1
0.611489547831721,0.6,242,1
0.7051817870355718,0.7,242,1
0.8084940484637568,0.8,242,1
0.5848865733445945,0.6,243,1
0.6912647747449063,0.7,243,1
0.8027879501857045,0.8,243,1
0.4827212402136908,0.6,244,0
0.6931429233175131,0.7,244,1
0.7997894938858318,0.8,244,1
0.5913187196904809,0.6,245,1
0.7153836479521593,0.7,245,1
0.8004404595196355,0.8,245,1
0.5970545822396591,0.6,246,1
0.7109544492445147,0.7,246,1
0.7995063500063949,0.8,246,1
0.6057683830881405,0.6,247,1
0.6987839128559894,0.7,247,1
0.7957219463495475,0.8,247,1
0.6028244747856668,0.6,248,1
0.700547543525282,0.7,248,1
0.788507752763554,0.8,248,0
0.5644105501256632,0.6,249,0
0.695205085830891,0.7,249,1
0.8019590824612792,0.8,249,1
0.6016261633743437,0.6,250,1
0.7072628014665737,0.7,250,1
0.8008329025340557,0.8,250,1
0.6120284393959265,0.6,251,1
0.7019196236715661,0.7,251,1
0.8036066145911085,0.8,251,1
0.607725345373803,0.6,252,1
0.7110179268455029,0.7,252,1
0.8062460403575802,0.8,252,1
0.5981980748901702,0.6,253,1
0.6951578711076803,0.7,253,1
0.8024694174517361,0.8,253,1
0.6008197780540623,0.6,254,1
0.6934000682965417,0.7,254,1
0.8052721887505138,0.8,254,1
0.593013075492559,0.6,255,1
0.6876761531900727,0.7,255,1
0.8070442749132971,0.8,255,1
0.6001487161426757,0.6,256,1
0.6907091169419206,0.7,256,1
0.8014711009456783,0.8,256,1
0.603470312629639,0.6,257,1
0.7036058993911494,0.7,257,1
0.8048830096155697,0.8,257,1
0.6084207475479961,0.6,258,1
0.6995813334129084,0.7,258,1
0.8128820698649839,0.8,258,0
0.5961795741786102,0.6,259,1
0.7165059167508312,0.7,259,0
0.8013782666063323,0.8,259,1
0.6105228017191835,0.6,260,1
0.6922832165076545,0.7,260,1
0.8020404638517148,0.8,260,1
0.6195888716650506,0.6,261,1
0.7109175999028793,0.7,261,1
0.8073206341527864,0.8,261,1
0.5916852855621424,0.6,262,1
0.6945887829495311,0.7,262,1
0.8007890462852292,0.8,262,1
0.6073387762269269,0.6,263,1
0.7085555379281057,0.7,263,1
0.8046370282313429,0.8,263,1
0.6159699273273248,0.6,264,1
0.6982489910944158,0.7,264,1
0.802656633572775,0.8,264,1
0.6143319910042416,0.6,265,1
0.7031765546884536,0.7,265,1
0.8044343851279853,0.8,265,1
0.5861005349098957,0.6,266,1
0.6949955089826044,0.7,266,1
0.8024379277677259,0.8,266,1
0.6238378267584787,0.6,267,1
0.6781972404750182,0.7,267,0
0.7909176335397615,0.8,267,1
0.5800860554240389,0.6,268,1
0.7048281301681407,0.7,268,1
0.8079105232367386,0.8,268,0
0.6147723303134631,0.6,269,1
0.7022102404120985,0.7,269,1
0.7937933265246837,0.8,269,1
0.6027513603537005,0.6,270,1
0.7042939068807698,0.7,270,1
0.794750852253931,0.8,270,1
0.5986101446775047,0.6,271,1
0.7140912074218153,0.7,271,1
0.7925069277094858,0.8,271,1
0.5945997724730018,0.6,272,1
0.7069384001310748,0.7,272,1
0.8035881065912163,0.8,272,1
0.6051953125046562,0.6,273,1
0.7084506202727994,0.7,273,1
0.8052685630901206,0.8,273,1
0.6099087770404891,0.6,274,1
0.7014579075066447,0.7,274,1
0.7949708258766246,0.8,274,1
0.5789176696124985,0.6,275,1
0.6958833246575605,0.7,275,1
0.7903423595177318,0.8,275,1
0.5876334925975084,0.6,276,1
0.7090520867063944,0.7,276,1
0.7985617194381384,0.8,276,1
0.6075890615469012,0.6,277,1
0.6975180642958532,0.7,277,1
0.8028827266545611,0.8,277,1
0.6107239880382628,0.6,278,1
0.6954400666822553,0.7,278,1
0.8021557958268306,0.8,278,1
0.6742905011063342,0.6,279,1
0.7345054203424568,0.7,279,1
0.8064291882474257,0.8,279,1
0.6150524627304284,0.6,280,1
0.6985203694150423,0.7,280,1
0.8123320548457234,0.8,280,0
0.5877519999403613,0.6,281,1
0.6911206606785666,0.7,281,1
0.7916516714956499,0.8,281,1
0.6053457167715677,0.6,282,1
0.6962008299670035,0.7,282,1
0.798050310044882,0.8,282,1
0.6119132313938226,0.6,283,1
0.70550492843613,0.7,283,1
0.8077886845256119,0.8,283,1
0.6005088726017987,0.6,284,1
0.6954860171352432,0.7,284,1
0.8010342180877159,0.8,284,1
0.579249006132282,0.6,285,1
0.6937478990187718,0.7,285,1
0.8071010429755869,0.8,285,1
0.6004615302880664,0.6,286,1
0.6902192719751316,0.7,286,1
0.8015959467594088,0.8,286,1
0.6059906035314196,0.6,287,1
0.7077875806281069,0.7,287,1
0.8019174834125269,0.8,287,1
0.588957490472308,0.6,288,1
0.7028840921383765,0.7,288,1
0.8039446413242731,0.8,288,1
0.5800180094111467,0.6,289,1
0.7041478723699559,0.7,289,1
0.7999493364366588,0.8,289,1
0.6053601657844941,0.6,290,1
0.6954096088344952,0.7,290,1
0.8014523911996672,0.8,290,1
0.604202410678313,0.6,291,1
0.6827394403901864,0.7,291,1
0.8002786092902523,0.8,291,1
0.6013600551167487,0.6,292,1
0.7180982586890764,0.7,292,0
0.8005415001707119,0.8,292,1
0.6073197767751151,0.6,293,1
0.7014116684022097,0.7,293,1
0.797533278394002,0.8,293,1
0.5908084700922841,0.6,294,1
0.7205367161533573,0.7,294,0
0.7977315307353973,0.8,294,1
0.5997010518010271,0.6,295,1
0.6904516587600584,0.7,295,1
0.8027125485801191,0.8,295,1
0.6119769666539988,0.6,296,1
0.6968942249963109,0.7,296,1
0.813371018346456,0.8,296,0
0.576756917527551,0.6,297,1
0.6651040258453321,0.7,297,0
0.8044125759049622,0.8,297,1
0.6196137937496866,0.6,298,1
0.7031666958575719,0.7,298,1
0.798245824558815,0.8,298,1
0.6193244115257034,0.6,299,1
0.6944684941825371,0.7,299,1
0.795124709972228,0.8,299,1
0.5894444191504467,0.6,300,1
0.7032597410057201,0.7,300,1
0.802961968717193,0.8,300,1
0.590642999950679,0.6,301,1
0.7068320988305833,0.7,301,1
0.8077411886255402,0.8,301,1
0.6147494125377817,0.6,302,1
0.7105851822832484,0.7,302,1
0.8021953275375335,0.8,302,1
0.5904942042757404,0.6,303,1
0.6981332737973709,0.7,303,1
0.7930375775217409,0.8,303,1
0.6189400410076311,0.6,304,1
0.7006123556249013,0.7,304,1
0.8071376498398518,0.8,304,1
0.6016684747768505,0.6,305,1
0.699626005472911,0.7,305,1
0.7947738973370132,0.8,305,1
0.5471902951640039,0.6,306,0
0.6993967660857159,0.7,306,1
0.799030507653973,0.8,306,1
0.5925101000667242,0.6,307,1
0.7170496427076398,0.7,307,0
0.8030976406846216,0.8,307,1
0.5917603847311221,0.6,308,1
0.6934090365665386,0.7,308,1
0.8019171902313568,0.8,308,1
0.5962203945687086,0.6,309,1
0.6986288272745853,0.7,309,1
0.8085952877485332,0.8,309,1
0.6166684240257584,0.6,310,1
0.698240715066421,0.7,310,1
0.7978611642871763,0.8,310,1
0.600488822216325,0.6,311,1
0.7038591975067681,0.7,311,1
0.8036420787797485,0.8,311,1
0.5880442577586393,0.6,312,1
0.7108645533604786,0.7,312,1
0.8004475128513827,0.8,312,1
0.6103850110557605,0.6,313,1
0.7108012044449085,0.7,313,1
0.7993369341570219,0.8,313,1
0.6053897051838426,0.6,314,1
0.7032989749239129,0.7,314,1
0.8013693567304854,0.8,314,1
0.594882018815806,0.6,315,1
0.7052710148967195,0.7,315,1
0.8004150160827966,0.8,315,1
0.6046240088878848,0.6,316,1
0.7036764667751119,0.7,316,1
0.797505175134112,0.8,316,1
0.5883103631664311,0.6,317,1
0.6912623024984416,0.7,317,1
0.7920238916802074,0.8,317,1
0.6092364612989293,0.6,318,1
0.702032950988488,0.7,318,1
0.8043678733324986,0.8,318,1
0.6080325629526342,0.6,319,1
0.7173926527355255,0.7,319,0
0.8013275299695949,0.8,319,1
0.5880555281823763,0.6,320,1
0.7039259761133119,0.7,320,1
0.8097121886839871,0.8,320,0
0.6057953122175115,0.6,321,1
0.686021367747826,0.7,321,1
0.7997641680131213,0.8,321,1
0.61432989121668,0.6,322,1
0.6999709247978032,0.7,322,1
0.8006090536974401,0.8,322,1
0.6041688537508393,0.6,323,1
0.7109191507016556,0.7,323,1
0.7943392339067467,0.8,323,1
0.6095951147969008,0.6,324,1
0.6990649133103982,0.7,324,1
0.801759860641206,0.8,324,1
0.6007942319477327,0.6,325,1
0.7003359500671648,0.7,325,1
0.8046310677859617,0.8,325,1
0.6008999394202995,0.6,326,1
0.6975589200829088,0.7,326,1
0.7990498505988886,0.8,326,1
0.6119856365386181,0.6,327,1
0.7054564137393055,0.7,327,1
0.7936277331494954,0.8,327,1
0.603550172861127,0.6,328,1
0.7006267291681231,0.7,328,1
0.7954740324932895,0.8,328,1
0.6101634935938673,0.6,329,1
0.7013601473590367,0.7,329,1
0.8005628620895759,0.8,329,1
0.5999448623756732,0.6,330,1
0.6808385782988765,0.7,330,0
0.7962176948923348,0.8,330,1
0.6060963440695099,0.6,331,1
0.6998013500776687,0.7,331,1
0.8012467036751932,0.8,331,1
0.5877288041379394,0.6,332,1
0.6948678751167671,0.7,332,1
0.7970509615726111,0.8,332,1
0.6023325600000958,0.6,333,1
0.7041359731003847,0.7,333,1
0.798314846711652,0.8,333,1
0.6121709480021491,0.6,334,1
0.7051741897145719,0.7,334,1
0.8052339877511493,0.8,334,1
0.5893865984119815,0.6,335,1
0.7066912661934562,0.7,335,1
0.8017967368803999,0.8,335,1
0.607001251030823,0.6,336,1
0.6960838636879606,0.7,336,1
0.7984041179679688,0.8,336,1
0.6154270040649009,0.6,337,1
0.6999949486685507,0.7,337,1
0.7960984678807571,0.8,337,1
0.5911286993138851,0.6,338,1
0.6885990593477411,0.7,338,1
0.7939353924061396,0.8,338,1
0.6061756810528405,0.6,339,1
0.7002045539669246,0.7,339,1
0.802871920912275,0.8,339,1
0.6137419059860626,0.6,340,1
0.7102157556392285,0.7,340,1
0.7956615875587048,0.8,340,1
0.5931685087422099,0.6,341,1
0.6928981417064816,0.7,341,1
0.7983300821678696,0.8,341,1
0.6001534193571568,0.6,342,1
0.6873296410815829,0.7,342,1
0.8010788610788023,0.8,342,1
0.6123251012323709,0.6,343,1
0.6800792476555544,0.7,343,1
0.7784940119728314,0.8,343,1
0.6105836116507145,0.6,344,1
0.685706096716158,0.7,344,1
0.8011352108604788,0.8,344,1
0.6184575697447611,0.6,345,1
0.6999174631885542,0.7,345,1
0.8017042654961566,0.8,345,1
0.5852003799281728,0.6,346,1
0.7053213235394477,0.7,346,1
0.8000317012267345,0.8,346,1
0.5949670952707534,0.6,347,1
0.7023373689647225,0.7,347,1
0.8078652718675432,0.8,347,1
0.5967420948563694,0.6,348,1
0.7073607709763929,0.7,348,1
0.8000817542800517,0.8,348,1
0.596339021775284,0.6,349,1
0.6839081456494631,0.7,349,0
0.8063875089641567,0.8,349,1
0.5805478869914487,0.6,350,1
0.6902241258905928,0.7,350,1
0.7957764787278349,0.8,350,1
0.6266075231576995,0.6,351,1
0.6771990908995735,0.7,351,1
0.7764664319842539,0.8,351,0
0.6009864580469426,0.6,352,1
0.7086097854915733,0.7,352,1
0.8037416641860186,0.8,352,1
0.5965681807564279,0.6,353,1
0.7031575988021509,0.7,353,1
0.8005835833535587,0.8,353,1
0.6110404976333602,0.6,354,1
0.6992544259876922,0.7,354,1
0.8035934626271409,0.8,354,1
0.6065947888013031,0.6,355,1
0.7102723870352633,0.7,355,1
0.8048875914140327,0.8,355,1
0.6016968812907032,0.6,356,1
0.7101208190945799,0.7,356,1
0.7967289469007128,0.8,356,1
0.600453376479979,0.6,357,1
0.6868226843930789,0.7,357,1
0.7976898937763455,0.8,357,1
0.6135970211821389,0.6,358,1
0.7075783269920575,0.7,358,1
0.8018455431395123,0.8,358,1
0.5794532900438786,0.6,359,1
0.7134960638781587,0.7,359,1
0.7968809139047525,0.8,359,1
0.5902197139831803,0.6,360,1
0.6881423274488966,0.7,360,1
0.7985360841854625,0.8,360,1
0.5771632666628692,0.6,361,1
0.679781066211079,0.7,361,1
0.7966465714439281,0.8,361,1
0.6085595840555094,0.6,362,1
0.7085564396800113,0.7,362,1
0.7982522701085353,0.8,362,1
0.5778869254570796,0.6,363,0
0.6878658377582907,0.7,363,1
0.7948343194449009,0.8,363,1
0.5933316237037806,0.6,364,1
0.7011141862772586,0.7,364,1
0.7892348575869773,0.8,364,1
0.6018733160949011,0.6,365,1
0.705425984639941,0.7,365,1
0.8000835870719721,0.8,365,1
0.6055253134786668,0.6,366,1
0.7043832451977129,0.7,366,1
0.7974241567632834,0.8,366,1
0.6196977746505336,0.6,367,0
0.6978451981174199,0.7,367,1
0.8002761219604551,0.8,367,1
0.6195725721870545,0.6,368,0
0.7184096448959679,0.7,368,0
0.8024411912247018,0.8,368,1
0.560080707136891,0.6,369,1
0.7167746413011392,0.7,369,1
0.8038428006858408,0.8,369,1
0.6077838665212176,0.6,370,1
0.7045849923408304,0.7,370,1
0.8072537797732924,0.8,370,1
0.6108301778023616,0.6,371,1
0.7072614651522484,0.7,371,1
0.8046626081782708,0.8,371,1
0.6074665119805195,0.6,372,1
0.6991316770625625,0.7,372,1
0.804497714083023,0.8,372,1
0.6068999319157005,0.6,373,1
0.6988935300932553,0.7,373,1
0.8031221755504914,0.8,373,1
0.5841597109301216,0.6,374,1
0.6908529968031013,0.7,374,1
0.8018315806775541,0.8,374,1
0.5938031004188987,0.6,375,1
0.6880891826200729,0.7,375,1
0.8051838809896392,0.8,375,1
0.600866904678524,0.6,376,1
0.7012308220463286,0.7,376,1
0.7978650416733877,0.8,376,1
0.6071837676969144,0.6,377,1
0.6969335661225372,0.7,377,1
0.8054477635378146,0.8,377,1
0.6206318045153595,0.6,378,1
0.7102390107072043,0.7,378,1
0.7934522262409408,0.8,378,1
0.5763458732836194,0.6,379,0
0.6928760656192722,0.7,379,1
0.8039608280848737,0.8,379,1
0.5888270394906937,0.6,380,1
0.6830798978320266,0.7,380,0
0.800085991537052,0.8,380,1
0.6059770140514417,0.6,381,1
0.7105475956153294,0.7,381,1
0.8055038717133839,0.8,381,1
0.6039308148339875,0.6,382,1
0.708264527124174,0.7,382,1
0.7929820635329528,0.8,382,1
0.6239403134603106,0.6,383,1
0.6849820100383216,0.7,383,1
0.8002157479406752,0.8,383,1
0.6072749985696431,0.6,384,1
0.6990335303073534,0.7,384,1
0.8066363558782251,0.8,384,1
0.6053063852430194,0.6,385,1
0.7101334335167232,0.7,385,1
0.8003097161716098,0.8,385,1
0.6004673177091031,0.6,386,1
0.6984357783793584,0.7,386,1
0.7988036071304634,0.8,386,1
0.6028873721508712,0.6,387,1
0.7035029893241445,0.7,387,1
0.7966386488945653,0.8,387,1
0.5850249657485835,0.6,388,1
0.6986593368814247,0.7,388,1
0.8021177138141605,0.8,388,1
0.6091447002223738,0.6,389,1
0.6988290603852617,0.7,389,1
0.8000305349570614,0.8,389,1
0.6078305277776507,0.6,390,1
0.7072945341883949,0.7,390,1
0.8076915138970013,0.8,390,1
0.6056802210593732,0.6,391,1
0.6987010634972506,0.7,391,1
0.7951972605856638,0.8,391,1
0.5726827299196923,0.6,392,0
0.6804043235655755,0.7,392,0
0.8046647451293637,0.8,392,1
0.6091535656641824,0.6,393,1
0.7036385185299673,0.7,393,1
0.8025616276339392,0.8,393,1
0.6030055058224163,0.6,394,1
0.7020140219305223,0.7,394,1
0.7928810820634075,0.8,394,1
0.6028175816012155,0.6,395,1
0.7027838400853503,0.7,395,1
0.7998143815640291,0.8,395,1
0.5994576797267979,0.6,396,1
0.7083448866153699,0.7,396,1
0.8056048482349158,0.8,396,1
0.6082287406597148,0.6,397,1
0.7125760810199948,0.7,397,1
0.7955322164980377,0.8,397,1
0.6223327642067473,0.6,398,0
0.6995084419048471,0.7,398,1
0.8055616723018999,0.8,398,1
0.5975842479102736,0.6,399,1
0.6962560610652081,0.7,399,1
0.8060841897265666,0.8,399,1
0.621021358801895,0.6,400,1
0.7113063954782304,0.7,400,1
0.796846615844917,0.8,400,1
0.6167612303356903,0.6,401,1
0.7060598019068559,0.7,401,1
0.7976662548739958,0.8,401,1
0.5977517409243233,0.6,402,1
0.7093840146867458,0.7,402,1
0.8082336043369868,0.8,402,1
0.5918108041666394,0.6,403,1
0.7021857256015213,0.7,403,1
0.8007862076306234,0.8,403,1
0.6243213731484911,0.6,404,1
0.7052070907584923,0.7,404,1
0.7932862750808964,0.8,404,1
0.6205596865803331,0.6,405,1
0.6930349798690976,0.7,405,1
0.8051906196560349,0.8,405,1
0.6018352516460639,0.6,406,1
0.7009095865121127,0.7,406,1
0.8051633165847729,0.8,406,1
0.5796161878332003,0.6,407,1
0.7179963155334157,0.7,407,0
0.7979042346843757,0.8,407,1
0.6072767004522278,0.6,408,1
0.7009882098508068,0.7,408,1
0.7943956959903906,0.8,408,1
0.6089118289325994,0.6,409,1
0.7055618178873939,0.7,409,1
0.8025700701557756,0.8,409,1
0.6044145070796297,0.6,410,1
0.6948151955257018,0.7,410,1
0.807275740790291,0.8,410,1
0.6031910071513169,0.6,411,1
0.6890539257557489,0.7,411,1
0.8004666818988573,0.8,411,1
0.6044677622173137,0.6,412,1
0.7183652602925769,0.7,412,0
0.7927415498574204,0.8,412,1
0.6176953893495383,0.6,413,1
0.7105421858562208,0.7,413,1
0.7981029452026207,0.8,413,1
0.597260195327436,0.6,414,1
0.6954851126846311,0.7,414,1
0.7950699841632776,0.8,414,1
0.6138563934733685,0.6,415,1
0.7009523866853375,0.7,415,1
0.804655999873952,0.8,415,1
0.627454014605339,0.6,416,1
0.711860093354767,0.7,416,1
0.7941168028166591,0.8,416,1
0.6021231720639821,0.6,417,1
0.7111650400185291,0.7,417,1
0.80199520553415,0.8,417,1
0.5988657952295762,0.6,418,1
0.6851134499091863,0.7,418,0
0.7950232973673799,0.8,418,1
0.5945876425841696,0.6,419,1
0.7050930770068248,0.7,419,1
0.8016092018869276,0.8,419,1
0.6068165208904897,0.6,420,1
0.6922836431835716,0.7,420,1
0.7919675185412404,0.8,420,1
0.6083354146464693,0.6,421,1
0.6978581027721374,0.7,421,1
0.8000900888478432,0.8,421,1
0.6177292695229671,0.6,422,1
0.7089233533972508,0.7,422,1
0.8012004883373948,0.8,422,1
0.6203092807277084,0.6,423,0
0.7152674751277522,0.7,423,0
0.801401571179779,0.8,423,1
0.5890105275298159,0.6,424,1
0.7033818905272358,0.7,424,1
0.7961490054667829,0.8,424,1
0.6271842612189332,0.6,425,1
0.711426887477478,0.7,425,1
0.8116166399703816,0.8,425,1
0.6042338034078419,0.6,426,1
0.6868412668992412,0.7,426,1
0.7955846604150406,0.8,426,1
0.6115638752616723,0.6,427,1
0.7003297303357151,0.7,427,1
0.7945384343401759,0.8,427,1
0.607209551536166,0.6,428,1
0.7047778788401062,0.7,428,1
0.8031503336418337,0.8,428,1
0.584342085660868,0.6,429,1
0.6969202018078263,0.7,429,1
0.7985418184035705,0.8,429,1
0.5885532367058637,0.6,430,1
0.6930947008182763,0.7,430,1
0.7969883116618718,0.8,430,1
0.6225152987680399,0.6,431,0
0.7006311753101583,0.7,431,1
0.8024606362423121,0.8,431,1
0.5991997712251828,0.6,432,1
0.700296553903172,0.7,432,1
0.8013976604996697,0.8,432,1
0.5819433678361529,0.6,433,1
0.7027833784031992,0.7,433,1
0.8084938904700115,0.8,433,1
0.6125602198123279,0.6,434,1
0.6980335101953161,0.7,434,1
0.8031157522738293,0.8,434,1
0.6044985412622751,0.6,435,1
0.6932653939088003,0.7,435,1
0.7993921800416759,0.8,435,1
0.5991719572210497,0.6,436,1
0.6986273275527578,0.7,436,1
0.80296934829567,0.8,436,1
0.5940751905287996,0.6,437,1
0.7021141498425358,0.7,437,1
0.7955080360028801,0.8,437,1
0.6058867221845776,0.6,438,1
0.7048536714438509,0.7,438,1
0.8027460548223337,0.8,438,1
0.6332642267765992,0.6,439,0
0.7043543896258633,0.7,439,1
0.8012999831577838,0.8,439,1
0.6313551421042032,0.6,440,0
0.6983793474961619,0.7,440,1
0.8038100941978967,0.8,440,1
0.6059964739771126,0.6,441,1
0.7041524270889352,0.7,441,1
0.8016520430260896,0.8,441,1
0.603879234136792,0.6,442,1
0.706350001883007,0.7,442,1
0.7947299571820557,0.8,442,1
0.6194648386326511,0.6,443,1
0.6885823926812459,0.7,443,1
0.7975388035830283,0.8,443,1
0.6070815871666444,0.6,444,1
0.7121596883694122,0.7,444,1
0.7977066424199771,0.8,444,1
0.5948311662586203,0.6,445,1
0.7163656030418438,0.7,445,1
0.7997769043704528,0.8,445,1
0.602560742066946,0.6,446,1
0.6950343886045792,0.7,446,1
0.794034342496464,0.8,446,1
0.5826529629170065,0.6,447,1
0.7087151220231441,0.7,447,1
0.8019415305863504,0.8,447,1
0.5767871113282872,0.6,448,1
0.6934100140867047,0.7,448,1
0.8089211941653365,0.8,448,1
0.6242686549539047,0.6,449,1
0.7000366939547665,0.7,449,1
0.8022115576236309,0.8,449,1
0.6057632070177486,0.6,450,1
0.690093578558992,0.7,450,1
0.7969242300623528,0.8,450,1
0.5989043499605401,0.6,451,1
0.7058436994286837,0.7,451,1
0.8049717399806828,0.8,451,1
0.605887379326182,0.6,452,1
0.6810274623895664,0.7,452,0
0.8018885295413877,0.8,452,1
0.6227286779818852,0.6,453,1
0.7209839727192959,0.7,453,0
0.8037778733790024,0.8,453,1
0.5635079120583335,0.6,454,1
0.6720644005353068,0.7,454,1
0.8120478740852571,0.8,454,0
0.5984561737726579,0.6,455,1
0.702834099998716,0.7,455,1
0.80729453840486,0.8,455,1
0.5960517098882995,0.6,456,1
0.704696671658981,0.7,456,1
0.8122061544006768,0.8,456,0
0.6039820829910645,0.6,457,1
0.7040453954200906,0.7,457,1
0.8027217959491177,0.8,457,1
0.5736197328780048,0.6,458,0
0.691650026802327,0.7,458,1
0.7925491345120935,0.8,458,1
0.6190559941927802,0.6,459,1
0.7013021965330154,0.7,459,1
0.8001727855809081,0.8,459,1
0.5924566457797591,0.6,460,1
0.6936474237804884,0.7,460,1
0.8071630535716632,0.8,460,1
0.6167565179157494,0.6,461,1
0.6963455406704719,0.7,461,1
0.8031348217021088,0.8,461,1
0.603601357253739,0.6,462,1
0.7063917786963013,0.7,462,1
0.8038014736281046,0.8,462,1
0.5967598417645089,0.6,463,1
0.7021563827119155,0.7,463,1
0.8030445347464054,0.8,463,1
0.6147011763103596,0.6,464,1
0.7052545339913666,0.7,464,1
0.8024164280476619,0.8,464,1
0.594972721507722,0.6,465,1
0.704930398496703,0.7,465,1
0.8042464745210631,0.8,465,1
0.6117053852900798,0.6,466,1
0.7014462741486989,0.7,466,1
0.8080433203144826,0.8,466,1
0.5844784271654311,0.6,467,1
0.7077150780696642,0.7,467,1
0.7963790100135354,0.8,467,1
0.6050393044722834,0.6,468,1
0.7076277758955809,0.7,468,1
0.8033690362285564,0.8,468,1
0.6194916917456351,0.6,469,1
0.6842755016313697,0.7,469,0
0.7982834977955626,0.8,469,1
0.5593442111437137,0.6,470,1
0.6888657526030275,0.7,470,1
0.8075623475173894,0.8,470,1
0.6065531990719576,0.6,471,1
0.7173574969537903,0.7,471,0
0.7962108649599525,0.8,471,1
0.5975315031940424,0.6,472,1
0.6745270492321639,0.7,472,0
0.802568243385057,0.8,472,1
0.6140084520241252,0.6,473,1
0.697132216138407,0.7,473,1
0.7874398256537267,0.8,473,0
0.6044294385807859,0.6,474,1
0.6975204857519759,0.7,474,1
0.800234485838124,0.8,474,1
0.6240143155737848,0.6,475,1
0.692965982999703,0.7,475,1
0.8042107941022855,0.8,475,1
0.5955455049015772,0.6,476,1
0.6978800405975203,0.7,476,1
0.8066024075664918,0.8,476,1
0.6314946700901025,0.6,477,0
0.711471473645277,0.7,477,1
0.79397723002741,0.8,477,1
0.6112711426170119,0.6,478,1
0.6989731992976738,0.7,478,1
0.7980502807273998,0.8,478,1
0.6113754369259381,0.6,479,1
0.6974455206919379,0.7,479,1
0.7876228701530152,0.8,479,0
0.6000303148992999,0.6,480,1
0.7030942060364321,0.7,480,1
0.8058721339161221,0.8,480,1
0.6112037244612593,0.6,481,1
0.7019679907893117,0.7,481,1
0.7982284999698696,0.8,481,1
0.5955271977374154,0.6,482,1
0.6900195876931675,0.7,482,1
0.7927637756806551,0.8,482,1
0.6010247469061961,0.6,483,1
0.711227753134976,0.7,483,1
0.7992413689098801,0.8,483,1
0.585500109961278,0.6,484,1
0.7105561964331654,0.7,484,1
0.7931221228496612,0.8,484,1
0.6015743906437706,0.6,485,1
0.7061616040103651,0.7,485,1
0.8073914786875963,0.8,485,1
0.5930813903858667,0.6,486,1
0.6922231380360765,0.7,486,1
0.8035635407593796,0.8,486,1
0.6044246923993537,0.6,487,1
0.6935430197725432,0.7,487,1
0.7979112825164244,0.8,487,1
0.6247274303232995,0.6,488,1
0.6973636382718263,0.7,488,1
0.7968101132727161,0.8,488,1
0.5931420386175514,0.6,489,1
0.7082326468181008,0.7,489,1
0.8052732863428794,0.8,489,1
0.5879313904837477,0.6,490,1
0.6788847139029875,0.7,490,0
0.8028578415265634,0.8,490,1
0.6011527857485456,0.6,491,1
0.6956286154612094,0.7,491,1
0.7953088004692067,0.8,491,1
0.5979914951952118,0.6,492,1
0.6855056407884508,0.7,492,0
0.8061904013300449,0.8,492,1
0.616813153668266,0.6,493,1
0.6960327383549653,0.7,493,1
0.8051500390781245,0.8,493,1
0.5911058351806086,0.6,494,1
0.7012138897011508,0.7,494,1
0.7991005545972922,0.8,494,1
0.6132487819480666,0.6,495,1
0.6992816334308035,0.7,495,1
0.7950650819682583,0.8,495,1
0.5996822955875046,0.6,496,1
0.69434189071651,0.7,496,1
0.8000992159933014,0.8,496,1
0.6228499412706593,0.6,497,0
0.7126775043016964,0.7,497,1
0.8039381881221961,0.8,497,1
0.603851871010649,0.6,498,1
0.7034195989945118,0.7,498,1
0.7831355569770165,0.8,498,0
0.6013493287156111,0.6,499,1
0.6999507131691496,0.7,499,1
0.8059639111249475,0.8,499,1
0.6128629845365083,0.6,500,1
0.7102972247762225,0.7,500,1
0.8029824439396125,0.8,500,1
0.6068292665117453,0.6,501,1
0.706020490191328,0.7,501,1
0.7945387476020549,0.8,501,1
0.5893596586446038,0.6,502,1
0.7063692328217681,0.7,502,1
0.7951206224099648,0.8,502,1
0.6186477605165818,0.6,503,0
0.7062946825579023,0.7,503,1
0.8001036734427155,0.8,503,1
0.6088414989484492,0.6,504,1
0.6973387413295881,0.7,504,1
0.8045493664024921,0.8,504,1
0.6048051710640533,0.6,505,1
0.6990046620946816,0.7,505,1
0.7980595346852103,0.8,505,1
0.6092738830259523,0.6,506,1
0.7007826358201136,0.7,506,1
0.8018669244464629,0.8,506,1
0.5966629235661344,0.6,507,1
0.7000346048834317,0.7,507,1
0.7968267425026072,0.8,507,1
0.6111610939178279,0.6,508,1
0.7067258252474989,0.7,508,1
0.7996409046286523,0.8,508,1
0.6089438413484831,0.6,509,1
0.7057885716512302,0.7,509,1
0.794225057845572,0.8,509,1
0.5986403640325205,0.6,510,1
0.700106738703467,0.7,510,1
0.798831571740378,0.8,510,1
0.6043903904129153,0.6,511,1
0.7004909774289879,0.7,511,1
0.7996600411616159,0.8,511,1
0.5878846760193607,0.6,512,1
0.6951798743594058,0.7,512,1
0.8091888000158519,0.8,512,1
0.5972165044428954,0.6,513,1
0.709919651701697,0.7,513,1
0.8030050997262241,0.8,513,1
0.6036657275004769,0.6,514,1
0.6974440761906819,0.7,514,1
0.7907061886120035,0.8,514,1
0.6098331169460167,0.6,515,1
0.7004589451077764,0.7,515,1
0.7995409776961079,0.8,515,1
0.6144580844953971,0.6,516,1
0.7090767822772549,0.7,516,1
0.8014110402168811,0.8,516,1
0.6239134866576697,0.6,517,1
0.7097375852644601,0.7,517,1
0.8052768640438877,0.8,517,1
0.6113972214414092,0.6,518,1
0.7012575026925609,0.7,518,1
0.7985668299720087,0.8,518,1
0.5780154026361212,0.6,519,1
0.6925269425285652,0.7,519,1
0.8066864850351031,0.8,519,1
0.6039803208220578,0.6,520,1
0.7040314339710324,0.7,520,1
0.8102820981193215,0.8,520,0
0.5992275836138332,0.6,521,1
0.6893121153040201,0.7,521,1
0.7998260844430377,0.8,521,1
0.586816032120184,0.6,522,1
0.6930842530243364,0.7,522,1
0.7994956033721606,0.8,522,1
0.6266474555909246,0.6,523,1
0.7181399576561146,0.7,523,1
0.7984987649950797,0.8,523,1
0.6131979822483518,0.6,524,1
0.7053909843902383,0.7,524,1
0.7971981834661777,0.8,524,1
0.5901231935098398,0.6,525,1
0.7090073457814303,0.7,525,1
0.7973316221270417,0.8,525,1
0.6079157273131834,0.6,526,1
0.696053232365473,0.7,526,1
0.7993821646594094,0.8,526,1
0.6106204514679724,0.6,527,1
0.7095143228422093,0.7,527,1
0.8022256922997381,0.8,527,1
0.5967459950709092,0.6,528,1
0.7088264398649087,0.7,528,1
0.8055641920040351,0.8,528,1
0.5977117052958348,0.6,529,1
0.7123408765952872,0.7,529,1
0.8016920677581539,0.8,529,1
0.6163303737218161,0.6,530,1
0.722198210815771,0.7,530,0
0.80574469349769,0.8,530,1
0.5921543492759471,0.6,531,1
0.7161358170442633,0.7,531,0
0.7953151745254091,0.8,531,1
0.5840048710813583,0.6,532,1
0.690668250332625,0.7,532,1
0.8122984013886092,0.8,532,0
0.5996817933358146,0.6,533,1
0.7059762847182144,0.7,533,1
0.8064467462471299,0.8,533,1
0.6143957681778303,0.6,534,1
0.6914917734309504,0.7,534,1
0.798010203983449,0.8,534,1
0.5966144496004475,0.6,535,1
0.6899074980196438,0.7,535,1
0.7970587607382693,0.8,535,1
0.6032801976509455,0.6,536,1
0.7051350938012327,0.7,536,1
0.7920619620816282,0.8,536,1
0.6048857342781399,0.6,537,1
0.6915781249725933,0.7,537,1
0.8039952827400216,0.8,537,1
0.5986364746598476,0.6,538,1
0.6846059082052196,0.7,538,1
0.7927503877178861,0.8,538,1
0.6104589127730707,0.6,539,1
0.7091617024561668,0.7,539,1
0.802720662973174,0.8,539,1
0.6038005123141332,0.6,540,1
0.6979357899629259,0.7,540,1
0.8036372138287327,0.8,540,1
0.6180520857460193,0.6,541,1
0.6989580913429853,0.7,541,1
0.8030210240661873,0.8,541,1
0.5955427155557401,0.6,542,1
0.6972398546151739,0.7,542,1
0.7890596855494638,0.8,542,0
0.586360708222439,0.6,543,1
0.6946681592744492,0.7,543,1
0.806867295740077,0.8,543,1
0.6151708464348432,0.6,544,1
0.7050846116354544,0.7,544,1
0.8019225645443808,0.8,544,1
0.590213281447562,0.6,545,1
0.7048451610532172,0.7,545,1
0.8002363981445593,0.8,545,1
0.6022457023879066,0.6,546,1
0.6966502917945492,0.7,546,1
0.7930788361871378,0.8,546,1
0.6098703362163514,0.6,547,1
0.6881602265612646,0.7,547,1
0.8045351095435667,0.8,547,1
0.6187825257628005,0.6,548,1
0.7088603118103582,0.7,548,1
0.7957561079883071,0.8,548,1
0.5891009076299817,0.6,549,1
0.7046100804525547,0.7,549,1
0.7932699527727564,0.8,549,1
0.6122862596388254,0.6,550,1
0.6967157417201459,0.7,550,1
0.8039924713691654,0.8,550,1
0.602248868032242,0.6,551,1
0.6973397648617862,0.7,551,1
0.797367939599562,0.8,551,1
0.5809988516009494,0.6,552,1
0.641225563687496,0.7,552,1
0.8021400422831457,0.8,552,1
0.6011880244021945,0.6,553,1
0.7039204792430582,0.7,553,1
0.7999966984256812,0.8,553,1
0.5995575567279776,0.6,554,1
0.6998988994274826,0.7,554,1
0.8025402831046065,0.8,554,1
0.6104461162633269,0.6,555,1
0.6901410036097988,0.7,555,1
0.7915359436867712,0.8,555,1
0.5838468644770657,0.6,556,1
0.6994517498576275,0.7,556,1
0.8009551255134884,0.8,556,1
0.6179896154859309,0.6,557,1
0.7068149104717045,0.7,557,1
0.7972347411848343,0.8,557,1
0.6012108767860948,0.6,558,1
0.6840002080860974,0.7,558,1
0.8041452795147553,0.8,558,1
0.6093273407087063,0.6,559,1
0.7126873916378477,0.7,559,1
0.8012719409934603,0.8,559,1
0.6185860699388328,0.6,560,1
0.710178058792347,0.7,560,1
0.8020453979691361,0.8,560,1
0.5838891495658182,0.6,561,1
0.694620885354506,0.7,561,1
0.7962358590065635,0.8,561,1
0.6341702910384682,0.6,562,0
0.7011577180974111,0.7,562,1
0.7933945391909266,0.8,562,1
0.6044586453968642,0.6,563,1
0.7178085503941175,0.7,563,0
0.8039854093524108,0.8,563,1
0.61356364838894,0.6,564,1
0.7071240738131482,0.7,564,1
0.7991298040104391,0.8,564,1
0.6173787632026846,0.6,565,1
0.7066811134565227,0.7,565,1
0.8011541285886502,0.8,565,1
0.5873508988373184,0.6,566,1
0.695921724804755,0.7,566,1
0.7977493550669132,0.8,566,1
0.6049767274301782,0.6,567,1
0.6974215615048757,0.7,567,1
0.7974961981190885,0.8,567,1
0.5941225486065085,0.6,568,1
0.7094597218831994,0.7,568,1
0.8059067777587642,0.8,568,1
0.5967134842182331,0.6,569,1
0.6909808927838296,0.7,569,1
0.7947626020278714,0.8,569,1
0.6016352077646814,0.6,570,1
0.6931248674025102,0.7,570,1
0.79423891024981,0.8,570,1
0.6112928927723728,0.6,571,1
0.7025744076816302,0.7,571,1
0.7985171223863673,0.8,571,1
0.6052983856087766,0.6,572,1
0.7031578120625687,0.7,572,1
0.8026605390657547,0.8,572,1
0.6043260910090308,0.6,573,1
0.7094729734812105,0.7,573,1
0.8024987654435464,0.8,573,1
0.5949171277546076,0.6,574,1
0.7035015362760567,0.7,574,1
0.8021257370817391,0.8,574,1
0.6167761353459085,0.6,575,1
0.7009217855943036,0.7,575,1
0.7989399047277042,0.8,575,1
0.5951514409639503,0.6,576,1
0.6819053749526256,0.7,576,0
0.8024755830551575,0.8,576,1
0.570367639189137,0.6,577,1
0.69351746683091,0.7,577,1
0.7988260268555829,0.8,577,1
0.6040858079706851,0.6,578,1
0.6870267539425625,0.7,578,1
0.8007894840746503,0.8,578,1
0.617450631049294,0.6,579,0
0.7105569106997143,0.7,579,1
0.8048654444618437,0.8,579,1
0.6146019911415674,0.6,580,1
0.6933736902490462,0.7,580,1
0.7960292700397043,0.8,580,1
0.613557792723694,0.6,581,1
0.7055500917240656,0.7,581,1
0.8050862374242166,0.8,581,1
0.6209786342731558,0.6,582,1
0.6976223101361956,0.7,582,1
0.7978264501653282,0.8,582,1
0.5952636060110359,0.6,583,1
0.6832148338501091,0.7,583,1
0.7982677692156723,0.8,583,1
0.5989051062413877,0.6,584,1
0.6986464092221227,0.7,584,1
0.7982367843619195,0.8,584,1
0.5948158381011588,0.6,585,1
0.6965081209971669,0.7,585,1
0.7936248779758915,0.8,585,1
0.6054871896758356,0.6,586,1
0.6941798890688415,0.7,586,1
0.8026597483871778,0.8,586,1
0.5765365807297512,0.6,587,1
0.6902715404293889,0.7,587,1
0.7942784540215637,0.8,587,1
0.5768210347753487,0.6,588,1
0.707561039112158,0.7,588,1
0.7964669345737182,0.8,588,1
0.604817323139048,0.6,589,1
0.7030784080106368,0.7,589,1
0.8060275043711743,0.8,589,1
0.6013126190780762,0.6,590,1
0.7025097003873187,0.7,590,1
0.7933922980393001,0.8,590,1
0.6084480339743195,0.6,591,1
0.702085319923223,0.7,591,1
0.8016169737373494,0.8,591,1
0.6044997805987585,0.6,592,1
0.7149085089917436,0.7,592,1
0.765976290290884,0.8,592,1
0.6127769359466447,0.6,593,1
0.6989284726028772,0.7,593,1
0.7986395038541277,0.8,593,1
0.6094522295485771,0.6,594,1
0.7051868894389853,0.7,594,1
0.8018466540655658,0.8,594,1
0.5940988924186766,0.6,595,1
0.7052096395808245,0.7,595,1
0.8065727135340495,0.8,595,1
0.604740628680652,0.6,596,1
0.719617311221448,0.7,596,0
0.804246600224681,0.8,596,1
0.5892131017037646,0.6,597,1
0.7057123016053747,0.7,597,1
0.7993349988972411,0.8,597,1
0.5957508415288334,0.6,598,1
0.704499434197934,0.7,598,1
0.8036841805247198,0.8,598,1
0.6177449956522595,0.6,599,1
0.6928363603442694,0.7,599,1
0.8096114792344142,0.8,599,0
0.5902219612171526,0.6,600,1
0.7124024837148658,0.7,600,1
0.7980443216585926,0.8,600,1
0.5989381723657953,0.6,601,1
0.6951671328253072,0.7,601,1
0.8003698003032702,0.8,601,1
0.6006738803406424,0.6,602,1
0.6964643365409512,0.7,602,1
0.7981493610615549,0.8,602,1
0.5833287116535205,0.6,603,1
0.7058409964583466,0.7,603,1
0.8037349629681404,0.8,603,1
0.6014600650346434,0.6,604,1
0.7010205357961508,0.7,604,1
0.7905765397888596,0.8,604,1
0.5748064762504169,0.6,605,1
0.7054353859670064,0.7,605,1
0.7995541188400692,0.8,605,1
0.6072099048927857,0.6,606,1
0.6927008589052172,0.7,606,1
0.8033019445789755,0.8,606,1
0.5851608389987594,0.6,607,1
0.7062906377836189,0.7,607,1
0.8066790387530889,0.8,607,1
0.5965512643497675,0.6,608,1
0.6956688178539318,0.7,608,1
0.8080304506200292,0.8,608,1
0.615409034605214,0.6,609,1
0.6811957364691325,0.7,609,1
0.7969770554295115,0.8,609,1
0.6087233113144522,0.6,610,1
0.7140474562006397,0.7,610,1
0.8001582733008773,0.8,610,1
0.6176627818812929,0.6,611,1
0.7064114175583879,0.7,611,1
0.8016584900734969,0.8,611,1
0.4150967494512134,0.6,612,0
0.7005962790802175,0.7,612,1
0.803397354530178,0.8,612,1
0.6002304936796461,0.6,613,1
0.7024458655106608,0.7,613,1
0.8036765133487324,0.8,613,1
0.6139037008069562,0.6,614,1
0.6981658272488775,0.7,614,1
0.7950118033915766,0.8,614,1
0.6129197924792443,0.6,615,1
0.6983194093803056,0.7,615,1
0.8033415178251379,0.8,615,1
0.5937699345827231,0.6,616,1
0.6945229439322579,0.7,616,1
0.7987221456909857,0.8,616,1
0.6047329084613691,0.6,617,1
0.6993660235028465,0.7,617,1
0.8008575049055902,0.8,617,1
0.6125333108340402,0.6,618,1
0.6965609238529736,0.7,618,1
0.7934917465931027,0.8,618,1
0.5963583560640182,0.6,619,1
0.7010805477280734,0.7,619,1
0.7931346272066362,0.8,619,1
0.5966890860251811,0.6,620,1
0.694246126751457,0.7,620,1
0.8068313853211391,0.8,620,1
0.6057067777863202,0.6,621,1
0.7075897367762384,0.7,621,1
0.8080997159571764,0.8,621,1
0.5979783421005557,0.6,622,1
0.7035858785529027,0.7,622,1
0.804744839724245,0.8,622,1
0.5837999230576709,0.6,623,1
0.6986400756761031,0.7,623,1
0.7941673834589493,0.8,623,1
0.6044215589488865,0.6,624,1
0.6964598833631312,0.7,624,1
0.7999896518498316,0.8,624,1
0.6143634181813203,0.6,625,1
0.7078793946686468,0.7,625,1
0.8115214284337798,0.8,625,0
0.5948945205014297,0.6,626,1
0.712282394848103,0.7,626,1
0.8066147657125065,0.8,626,1
0.6121843963157888,0.6,627,1
0.7027206378938872,0.7,627,1
0.7982566423636094,0.8,627,1
0.5973561694575721,0.6,628,1
0.6970750376588645,0.7,628,1
0.7979710454448189,0.8,628,1
0.6087749788705203,0.6,629,1
0.7102822240818341,0.7,629,1
0.7980212146304632,0.8,629,1
0.619378466806228,0.6,630,1
0.7029524236477024,0.7,630,1
0.8050805414345955,0.8,630,1
0.5637343197238373,0.6,631,1
0.7080210212105859,0.7,631,1
0.8018695808833316,0.8,631,1
0.6132052636958637,0.6,632,1
0.7029259949539861,0.7,632,1
0.8037303233827281,0.8,632,1
0.6279732282640981,0.6,633,1
0.6730212583068446,0.7,633,0
0.7977526981195586,0.8,633,1
0.6260090430162879,0.6,634,0
0.7044061941990329,0.7,634,1
0.7966393991965495,0.8,634,1
0.6036193361513076,0.6,635,1
0.699527408292185,0.7,635,1
0.7963470425538742,0.8,635,1
0.6275359320215681,0.6,636,0
0.6962022791627199,0.7,636,1
0.8036179795298999,0.8,636,1
0.6129706219233115,0.6,637,1
0.6958512772366742,0.7,637,1
0.8014220617848721,0.8,637,1
0.5905962874439931,0.6,638,1
0.6942299706955147,0.7,638,1
0.7956995569574854,0.8,638,1
0.6115770609784302,0.6,639,1
0.7100271969453081,0.7,639,1
0.8019976513583874,0.8,639,1
0.5966580655562331,0.6,640,1
0.6802739170597693,0.7,640,0
0.8030117063669489,0.8,640,1
0.5990435685503485,0.6,641,1
0.6975750950394323,0.7,641,1
0.8004715435412273,0.8,641,1
0.6053020248959275,0.6,642,1
0.6768848586133888,0.7,642,0
0.7965344465027666,0.8,642,1
0.5969047427051741,0.6,643,1
0.6864854906623779,0.7,643,1
0.7923830471326258,0.8,643,1
0.5989831454765433,0.6,644,1
0.7071405620184708,0.7,644,1
0.8041314891387583,0.8,644,1
0.6196772359499789,0.6,645,1
0.6897257767789648,0.7,645,1
0.8106098727425389,0.8,645,0
0.6037142132575819,0.6,646,1
0.711758540298115,0.7,646,1
0.7952291428253072,0.8,646,1
0.6130968595631302,0.6,647,1
0.7125518710128991,0.7,647,1
0.8042304636054437,0.8,647,1
0.5912856220458023,0.6,648,1
0.6993331932819251,0.7,648,1
0.808878025413047,0.8,648,1
0.6079418309929309,0.6,649,1
0.7094812306039958,0.7,649,1
0.8029939782662172,0.8,649,1
0.603219715131031,0.6,650,1
0.7167382644410987,0.7,650,1
0.7878432603883968,0.8,650,0
0.5914562222994546,0.6,651,1
0.6775492557897399,0.7,651,0
0.7978409314184061,0.8,651,1
0.5745035077348781,0.6,652,0
0.6984860365241511,0.7,652,1
0.8050438266844093,0.8,652,1
0.6114102959204528,0.6,653,1
0.6957295122385778,0.7,653,1
0.7979060797057204,0.8,653,1
0.6005927867273676,0.6,654,1
0.69436055243211,0.7,654,1
0.7984477223516323,0.8,654,1
0.6146925152960402,0.6,655,1
0.7061293518431613,0.7,655,1
0.7933403578008006,0.8,655,1
0.6157908889129854,0.6,656,1
0.7034783423694987,0.7,656,1
0.8003693737701604,0.8,656,1
0.600258448885866,0.6,657,1
0.6857694135927398,0.7,657,0
0.8026451434178095,0.8,657,1
0.601390420329023,0.6,658,1
0.713910671323208,0.7,658,0
0.7997573860060606,0.8,658,1
0.589905256575928,0.6,659,1
0.6966469430056449,0.7,659,1
0.794653179916734,0.8,659,1
0.6020601043877909,0.6,660,1
0.7105666661912632,0.7,660,1
0.7998453023139546,0.8,660,1
0.6058511871284339,0.6,661,1
0.6986303302423109,0.7,661,1
0.8037511275860433,0.8,661,1
0.5280819783277173,0.6,662,1
0.7054966132491591,0.7,662,1
0.7964595273510976,0.8,662,1
0.6466704711178191,0.6,663,0
0.6635862033037848,0.7,663,0
0.7857756336403576,0.8,663,1
0.6060144096079306,0.6,664,1
0.6950742335931182,0.7,664,1
0.7981909073154926,0.8,664,1
0.6232652448979918,0.6,665,1
0.7000323599645669,0.7,665,1
0.8059569162678704,0.8,665,1
0.6173245731655717,0.6,666,1
0.7048539212360523,0.7,666,1
0.8070123713280092,0.8,666,1
0.6032637736257724,0.6,667,1
0.6992572993786695,0.7,667,1
0.7979705632972189,0.8,667,1
0.590508584137136,0.6,668,1
0.7016568586589702,0.7,668,1
0.804909862773995,0.8,668,1
0.5969512854256226,0.6,669,1
0.6976361335950914,0.7,669,1
0.7911482391829813,0.8,669,1
0.5677955482659071,0.6,670,0
0.6930761470655865,0.7,670,1
0.798962923181612,0.8,670,1
0.6013609570683695,0.6,671,1
0.7158723314507521,0.7,671,0
0.7962813335717764,0.8,671,1
0.630928699015446,0.6,672,0
0.7172313094413908,0.7,672,0
0.7987137711414806,0.8,672,1
0.563015431432738,0.6,673,1
0.6896265524419571,0.7,673,1
0.7909127065108199,0.8,673,1
0.6083438331337796,0.6,674,1
0.6939519145295896,0.7,674,1
0.8012251353556575,0.8,674,1
0.6067287367926434,0.6,675,1
0.6971388639973003,0.7,675,1
0.8006103767011732,0.8,675,1
0.6177151962463052,0.6,676,1
0.6955526388017771,0.7,676,1
0.7924979926665241,0.8,676,1
0.5870680714889391,0.6,677,1
0.692606492017201,0.7,677,1
0.7893706279490368,0.8,677,1
0.5953538710344514,0.6,678,1
0.6992037375623885,0.7,678,1
0.8058664596845447,0.8,678,1
0.606394487004391,0.6,679,1
0.6952715785602779,0.7,679,1
0.7944060649425294,0.8,679,1
0.4932498994396265,0.6,680,1
0.7104469793807846,0.7,680,1
0.7985607668611931,0.8,680,1
0.6105796379939169,0.6,681,1
0.7081824103750872,0.7,681,1
0.8036329079081267,0.8,681,1
0.5992321220620512,0.6,682,1
0.7056320668694,0.7,682,1
0.8078953001942645,0.8,682,1
0.6006219891500723,0.6,683,1
0.6989807178801414,0.7,683,1
0.8034180723366812,0.8,683,1
0.6019657980659328,0.6,684,1
0.6889620050382119,0.7,684,1
0.7920114697984925,0.8,684,1
0.6008356540722295,0.6,685,1
0.6966193460714759,0.7,685,1
0.7968977164646962,0.8,685,1
0.5854351192268039,0.6,686,1
0.6914765954166818,0.7,686,1
0.7976194009475648,0.8,686,1
0.6108519391771817,0.6,687,1
0.7246325012183894,0.7,687,0
0.8048458770453817,0.8,687,1
0.6275145915375576,0.6,688,1
0.6766004341247249,0.7,688,1
0.7892274519775052,0.8,688,1
0.5942008329394726,0.6,689,1
0.7024936355428958,0.7,689,1
0.7951686728318659,0.8,689,1
0.592110046774566,0.6,690,1
0.6957280002155621,0.7,690,1
0.790085323682562,0.8,690,0
0.6085627530986579,0.6,691,1
0.7017714208894857,0.7,691,1
0.7994098932662416,0.8,691,1
0.5922471108806371,0.6,692,1
0.6928247004557729,0.7,692,1
0.7950380718735275,0.8,692,1
0.6182654308244767,0.6,693,1
0.7066697661059412,0.7,693,1
0.7955593558586794,0.8,693,1
0.5995433733178556,0.6,694,1
0.6903425171645681,0.7,694,1
0.8025316584887217,0.8,694,1
0.605041172476518,0.6,695,1
0.7191341291397656,0.7,695,0
0.802355177222914,0.8,695,1
0.6348546307927864,0.6,696,1
0.6947932588977505,0.7,696,1
0.8018785796088462,0.8,696,1
0.5733093212583713,0.6,697,1
0.6920061064713523,0.7,697,1
0.801106803387565,0.8,697,1
0.6122562503326519,0.6,698,1
0.706045512223885,0.7,698,1
0.7955434170777893,0.8,698,1
0.6136982018158643,0.6,699,1
0.6958137715666222,0.7,699,1
0.8002160831230013,0.8,699,1
0.6034359878483535,0.6,700,1
0.6919808054812734,0.7,700,1
0.7993767062537543,0.8,700,1
0.5837163398860525,0.6,701,1
0.6930386892748293,0.7,701,1
0.8032937340380089,0.8,701,1
0.574463543662521,0.6,702,1
0.702208258835914,0.7,702,1
0.8017372242089784,0.8,702,1
0.609180568147171,0.6,703,1
0.7104996686380527,0.7,703,1
0.8007023456672206,0.8,703,1
0.6147233611681356,0.6,704,1
0.7107223084561128,0.7,704,1
0.8030007614592741,0.8,704,1
0.6088829960803126,0.6,705,1
0.7101056666307418,0.7,705,1
0.796104995589655,0.8,705,1
0.6085272558010819,0.6,706,1
0.7148521825347878,0.7,706,1
0.8035870185303077,0.8,706,1
0.578810302490079,0.6,707,1
0.6989066092413357,0.7,707,1
0.7952472186194891,0.8,707,1
0.6026775589268969,0.6,708,1
0.6954893518256752,0.7,708,1
0.807965327884232,0.8,708,1
0.6064635907753292,0.6,709,1
0.7088294028223027,0.7,709,1
0.8126337849036785,0.8,709,0
0.5985649362243075,0.6,710,1
0.707651164965163,0.7,710,1
0.8015972258116594,0.8,710,1
0.6084816024219684,0.6,711,1
0.6839396991824641,0.7,711,1
0.7950301532370522,0.8,711,1
0.6214245424464632,0.6,712,1
0.7132749406954784,0.7,712,1
0.8057235736011948,0.8,712,1
0.604977083629491,0.6,713,1
0.7027429911226107,0.7,713,1
0.7897291772806555,0.8,713,1
0.6092485229027407,0.6,714,1
0.7157529306732534,0.7,714,1
0.7942141087659392,0.8,714,1
0.6021923471037275,0.6,715,1
0.702269850184535,0.7,715,1
0.7955026674717193,0.8,715,1
0.6136408268728322,0.6,716,1
0.7095113849064348,0.7,716,1
0.8079653892766571,0.8,716,0
0.6009855108176253,0.6,717,1
0.6954782023626266,0.7,717,1
0.8065458694302373,0.8,717,1
0.5921829493059992,0.6,718,1
0.7055726565045187,0.7,718,1
0.8057699195589508,0.8,718,1
0.6173164968459967,0.6,719,1
0.7066839825548809,0.7,719,1
0.7962232747230442,0.8,719,1
0.6175345649640042,0.6,720,1
0.7073689303994753,0.7,720,1
0.7979429962132883,0.8,720,1
0.6016794664219324,0.6,721,1
0.6846667397965474,0.7,721,1
0.7997290637001581,0.8,721,1
0.5925210444699585,0.6,722,1
0.6984135616955591,0.7,722,1
0.795483452962698,0.8,722,1
0.6114754370952962,0.6,723,1
0.7003998406496496,0.7,723,1
0.7958645583083412,0.8,723,1
0.5965798238796065,0.6,724,1
0.6928684401430908,0.7,724,1
0.7936553986195631,0.8,724,1
0.6043300164977778,0.6,725,1
0.7008549245199396,0.7,725,1
0.7942568034931959,0.8,725,1
0.6007620905970013,0.6,726,1
0.6983765842976897,0.7,726,1
0.7972065131317297,0.8,726,1
0.5976528304562039,0.6,727,1
0.7047286176155512,0.7,727,1
0.8025706227494028,0.8,727,1
0.6099632840743225,0.6,728,1
0.7076272371863565,0.7,728,1
0.7950955971916999,0.8,728,1
0.6019690449880601,0.6,729,1
0.7083870925724483,0.7,729,1
0.7975697460812815,0.8,729,1
0.6091505464113885,0.6,730,1
0.6906842994955356,0.7,730,1
0.8037944366734155,0.8,730,1
0.6166072260613173,0.6,731,1
0.7234408787195047,0.7,731,0
0.7899896208174078,0.8,731,1
0.6083337515454873,0.6,732,1
0.7044641373862871,0.7,732,1
0.8093983546047795,0.8,732,0
0.6027145463872197,0.6,733,1
0.6976742702368615,0.7,733,1
0.8008884694968659,0.8,733,1
0.5926884660935823,0.6,734,1
0.6975877163825133,0.7,734,1
0.8052811068135514,0.8,734,1
0.6058169068793313,0.6,735,1
0.706404584801598,0.7,735,1
0.8058798709786874,0.8,735,1
0.5942761343039226,0.6,736,1
0.6951199342765815,0.7,736,1
0.7941503438978464,0.8,736,1
0.6048642057379402,0.6,737,1
0.7133089841156506,0.7,737,1
0.7978487498087747,0.8,737,1
0.6063570045448395,0.6,738,1
0.7017328916723767,0.7,738,1
0.7995448554866702,0.8,738,1
0.6130016589887888,0.6,739,1
0.7076357279905345,0.7,739,1
0.8004422968454123,0.8,739,1
0.6219280072835297,0.6,740,1
0.6997767455263281,0.7,740,1
0.7963194640883662,0.8,740,1
0.5867720561690499,0.6,741,1
0.7097191219017955,0.7,741,1
0.8001699716217163,0.8,741,1
0.6046415833217321,0.6,742,1
0.6926285531437295,0.7,742,1
0.7924450347458825,0.8,742,1
0.6205420599370246,0.6,743,1
0.7003580973062331,0.7,743,1
0.7987658662609426,0.8,743,1
0.6074383381814528,0.6,744,1
0.6930940850916433,0.7,744,1
0.798109096894721,0.8,744,1
0.6219571128868177,0.6,745,0
0.6968375141751039,0.7,745,1
0.8039835627170907,0.8,745,1
0.6021160018284774,0.6,746,1
0.7059771213684494,0.7,746,1
0.7975063071872701,0.8,746,1
0.6050006624952754,0.6,747,1
0.7102662592525987,0.7,747,1
0.7927697195304214,0.8,747,1
0.6253412978090472,0.6,748,0
0.7058592057792074,0.7,748,1
0.8049642058533785,0.8,748,1
0.6010400480418299,0.6,749,1
0.7083678859782279,0.7,749,1
0.8065142530953563,0.8,749,1
0.6182310344158899,0.6,750,1
0.7015857041719337,0.7,750,1
0.802702587945368,0.8,750,1
0.6194774722905511,0.6,751,1
0.7055320110323624,0.7,751,1
0.794295378618344,0.8,751,1
0.6056952483660899,0.6,752,1
0.6997101279027511,0.7,752,1
0.7968513588015121,0.8,752,1
0.6264712425392833,0.6,753,1
0.6925378039320579,0.7,753,1
0.8063553013675019,0.8,753,1
0.5954224824274716,0.6,754,1
0.6961312760216418,0.7,754,1
0.8000295458566392,0.8,754,1
0.5938026958946961,0.6,755,1
0.709655323829976,0.7,755,1
0.8016821371904714,0.8,755,1
0.5951939292142593,0.6,756,1
0.7065994443279876,0.7,756,1
0.8041736357940099,0.8,756,1
0.5857931301653729,0.6,757,1
0.6920405097966922,0.7,757,1
0.7915984278753597,0.8,757,1
0.6351206515222834,0.6,758,0
0.7025799990937399,0.7,758,1
0.7991556105259621,0.8,758,1
0.5909307883412398,0.6,759,1
0.6964087479118719,0.7,759,1
0.7989717340184727,0.8,759,1
0.5960040093815678,0.6,760,1
0.688452854939754,0.7,760,1
0.7855029539196646,0.8,760,0
0.6124583301278343,0.6,761,1
0.7033777997222824,0.7,761,1
0.8012514165941363,0.8,761,1
0.6059603448604372,0.6,762,1
0.6894548720812526,0.7,762,1
0.799635217473276,0.8,762,1
0.6078074373712313,0.6,763,1
0.685167578378303,0.7,763,1
0.7969021173147597,0.8,763,1
0.6060103807204749,0.6,764,1
0.6997344402225123,0.7,764,1
0.8022889423296967,0.8,764,1
0.5965847328415136,0.6,765,1
0.6944877202498715,0.7,765,1
0.7974540640638753,0.8,765,1
0.5931059732565817,0.6,766,1
0.6996063470828525,0.7,766,1
0.8071381304128118,0.8,766,1
0.5970837807763106,0.6,767,1
0.6990256336498215,0.7,767,1
0.7936395097082707,0.8,767,1
0.5833904014074074,0.6,768,1
0.696632753327287,0.7,768,1
0.8007876523795819,0.8,768,1
0.6162472355395399,0.6,769,1
0.7079914198081806,0.7,769,1
0.8036837645493197,0.8,769,1
0.5943239469890877,0.6,770,1
0.694510530313765,0.7,770,1
0.801028648461276,0.8,770,1
0.6008006454259442,0.6,771,1
0.708184011414126,0.7,771,1
0.8018546944503815,0.8,771,1
0.6238885455111692,0.6,772,1
0.7098387299486101,0.7,772,1
0.8013656376583602,0.8,772,1
0.6030829746628142,0.6,773,1
0.6937359496790338,0.7,773,1
0.8048951251997102,0.8,773,1
0.6187127720420057,0.6,774,1
0.7033607584764967,0.7,774,1
0.792255759016861,0.8,774,1
0.6135590924332788,0.6,775,1
0.7125482437612809,0.7,775,1
0.8024105967531192,0.8,775,1
0.5934393732841893,0.6,776,1
0.6977203981510018,0.7,776,1
0.7910286673123005,0.8,776,1
0.6023477131134496,0.6,777,1
0.6908896663009134,0.7,777,1
0.790038654917435,0.8,777,1
0.5976754704975199,0.6,778,1
0.6818634774339953,0.7,778,1
0.7995358929006101,0.8,778,1
0.5937446279335776,0.6,779,1
0.7108642512078984,0.7,779,1
0.8017042653514411,0.8,779,1
0.5833836118158021,0.6,780,1
0.7058264901238931,0.7,780,1
0.8005546240296014,0.8,780,1
0.6126161129432495,0.6,781,1
0.697086909012147,0.7,781,1
0.7957807295847436,0.8,781,1
0.6155270083298269,0.6,782,1
0.6963140015476187,0.7,782,1
0.811196777661451,0.8,782,0
0.6057136641450032,0.6,783,1
0.701054935871863,0.7,783,1
0.8039921186549782,0.8,783,1
0.6120240941986731,0.6,784,1
0.686945328549089,0.7,784,1
0.8039232838250746,0.8,784,1
0.5911089634006306,0.6,785,1
0.6933458559134807,0.7,785,1
0.800078642679935,0.8,785,1
0.6274256264306527,0.6,786,1
0.6865278394534133,0.7,786,1
0.8019522256411957,0.8,786,1
0.5882386255122896,0.6,787,1
0.690912988834965,0.7,787,1
0.8005999109128353,0.8,787,1
0.6097217229509292,0.6,788,1
0.6885190958392043,0.7,788,1
0.7987228450308779,0.8,788,1
0.5549551731392738,0.6,789,1
0.6969761596648371,0.7,789,1
0.7935308618353994,0.8,789,1
0.579630070432383,0.6,790,1
0.7006334416008436,0.7,790,1
0.7945833791088565,0.8,790,1
0.5928134279938044,0.6,791,1
0.7139075899369413,0.7,791,1
0.806120548735885,0.8,791,1
0.6035639977513657,0.6,792,1
0.7052767083240483,0.7,792,1
0.8006460236225008,0.8,792,1
0.619016442011781,0.6,793,1
0.7046607042511412,0.7,793,1
0.8058355510727084,0.8,793,1
0.6040652755762077,0.6,794,1
0.7000999227560086,0.7,794,1
0.8101838355236136,0.8,794,0
0.604116394814737,0.6,795,1
0.6919830583943033,0.7,795,1
0.7942106617350958,0.8,795,1
0.5988001240577508,0.6,796,1
0.6956342783576419,0.7,796,1
0.7990561607227982,0.8,796,1
0.6192363451231759,0.6,797,1
0.7066185712060474,0.7,797,1
0.7987027979728051,0.8,797,1
0.6109944779911448,0.6,798,1
0.6863714794060832,0.7,798,1
0.7950623724961399,0.8,798,1
0.5933165558139539,0.6,799,1
0.7073377986244672,0.7,799,1
0.8064825326392175,0.8,799,1
0.6105381189277151,0.6,800,1
0.701349435776273,0.7,800,1
0.7993536462820178,0.8,800,1
0.5882166925437823,0.6,801,1
0.6840606609080636,0.7,801,1
0.8020891869220077,0.8,801,1
0.6054030734670188,0.6,802,1
0.6886383336034189,0.7,802,1
0.803139486461044,0.8,802,1
0.6044608598161515,0.6,803,1
0.7053063058090597,0.7,803,1
0.8057197561608948,0.8,803,1
0.6202577273201036,0.6,804,1
0.6955661340682842,0.7,804,1
0.8126356851536474,0.8,804,0
0.6055174670019275,0.6,805,1
0.7025068128250066,0.7,805,1
0.8040914354948117,0.8,805,1
0.6121896939209163,0.6,806,1
0.7021048599829628,0.7,806,1
0.7968855078237781,0.8,806,1
0.6155895173959096,0.6,807,1
0.7029983347153445,0.7,807,1
0.7999916278571474,0.8,807,1
0.5835605299421402,0.6,808,1
0.6985551785163246,0.7,808,1
0.796529338480822,0.8,808,1
0.6168398541380049,0.6,809,1
0.7067391682218747,0.7,809,1
0.7976660797254708,0.8,809,1
0.5793040536958664,0.6,810,1
0.6830632578442281,0.7,810,1
0.7959377470351009,0.8,810,1
0.5665076246363074,0.6,811,0
0.701024898659602,0.7,811,1
0.8069935775935357,0.8,811,1
0.6168999256085751,0.6,812,1
0.7034191049116025,0.7,812,1
0.8071574059571299,0.8,812,1
0.608522652886103,0.6,813,1
0.7108404975946235,0.7,813,1
0.8018421545500277,0.8,813,1
0.6038749589359179,0.6,814,1
0.6923870896165553,0.7,814,1
0.7945445529925709,0.8,814,1
0.5874921577205453,0.6,815,1
0.692837868834017,0.7,815,1
0.8047599364851461,0.8,815,1
0.6058473526141154,0.6,816,1
0.7139206728522034,0.7,816,1
0.7998835997453984,0.8,816,1
0.6293000431366162,0.6,817,0
0.6901626381317344,0.7,817,1
0.8014038367748425,0.8,817,1
0.620340888855126,0.6,818,1
0.6891785244519598,0.7,818,1
0.8050395919818026,0.8,818,1
0.6159942463327288,0.6,819,1
0.7007223392568682,0.7,819,1
0.8008739503561803,0.8,819,1
0.5677259104904129,0.6,820,1
0.7078238643226362,0.7,820,1
0.8068927754909214,0.8,820,1
0.5896583007865431,0.6,821,1
0.6948973152238591,0.7,821,1
0.8092060060183073,0.8,821,0
0.6104545312825717,0.6,822,1
0.71116681282831,0.7,822,1
0.8011121178025684,0.8,822,1
0.6060861525699253,0.6,823,1
0.7010686916547072,0.7,823,1
0.7992793754661093,0.8,823,1
0.6029641883808005,0.6,824,1
0.7125531825594126,0.7,824,1
0.79584201304652,0.8,824,1
0.592929413776272,0.6,825,1
0.7103649194244065,0.7,825,1
0.8038423420665978,0.8,825,1
0.5993800893057047,0.6,826,1
0.693501009946995,0.7,826,1
0.8079374028703264,0.8,826,1
0.6132729370199884,0.6,827,1
0.7042278888172964,0.7,827,1
0.7970187484536873,0.8,827,1
0.5894064215834341,0.6,828,1
0.6812240281409057,0.7,828,1
0.8084728978550968,0.8,828,1
0.5904779489317574,0.6,829,1
0.6966041317789494,0.7,829,1
0.7962463601988595,0.8,829,1
0.6130032821847355,0.6,830,1
0.6874847445191374,0.7,830,1
0.8017608384204177,0.8,830,1
0.5975921993568274,0.6,831,1
0.7033103184385172,0.7,831,1
0.8006761429923772,0.8,831,1
0.5977502507904033,0.6,832,1
0.7117932306062135,0.7,832,1
0.8012849348513117,0.8,832,1
0.6104982437026981,0.6,833,1
0.7179061518108839,0.7,833,0
0.8088616175511559,0.8,833,1
0.6077922422474833,0.6,834,1
0.7206004330987461,0.7,834,0
0.8075272482120844,0.8,834,1
0.5882199356605736,0.6,835,1
0.7000028020355978,0.7,835,1
0.7995954293398814,0.8,835,1
0.5748007531891586,0.6,836,1
0.6988829035377805,0.7,836,1
0.8064998679297379,0.8,836,1
0.5871950531634632,0.6,837,1
0.6880017443847284,0.7,837,1
0.7989179754306333,0.8,837,1
0.6200539793856156,0.6,838,1
0.7062039253112873,0.7,838,1
0.8028465856727988,0.8,838,1
0.606596861387893,0.6,839,1
0.7004583502787473,0.7,839,1
0.81374643524788,0.8,839,0
0.5963415677915986,0.6,840,1
0.6789800392246076,0.7,840,0
0.7901211253231366,0.8,840,1
0.5839691311012694,0.6,841,1
0.7053375313267508,0.7,841,1
0.7999118787763693,0.8,841,1
0.6059065381265408,0.6,842,1
0.6979204892935974,0.7,842,1
0.8041076099787339,0.8,842,1
0.6004399155009497,0.6,843,1
0.7264793371048666,0.7,843,0
0.8001449283650529,0.8,843,1
0.5992267805411489,0.6,844,1
0.710133847792903,0.7,844,1
0.796928770355959,0.8,844,1
0.6052543887334322,0.6,845,1
0.7040710431723105,0.7,845,1
0.8004216741760201,0.8,845,1
0.6285995822158109,0.6,846,0
0.7036105633685499,0.7,846,1
0.8003010450754636,0.8,846,1
0.5945461504353154,0.6,847,1
0.698862965238277,0.7,847,1
0.8084358026747778,0.8,847,1
0.6035990842568122,0.6,848,1
0.7063389490935655,0.7,848,1
0.7994522233965149,0.8,848,1
0.6083625101527667,0.6,849,1
0.7043040998775749,0.7,849,1
0.792379427012708,0.8,849,1
0.5975175497284392,0.6,850,1
0.6920076119334913,0.7,850,1
0.7931016417782708,0.8,850,1
0.6047671863421883,0.6,851,1
0.7081775965022703,0.7,851,1
0.7984776320469121,0.8,851,1
0.6052112003324414,0.6,852,1
0.7132371208679644,0.7,852,0
0.802338289405433,0.8,852,1
0.6065134388693388,0.6,853,1
0.7029604493601851,0.7,853,1
0.7927303212403675,0.8,853,1
0.6142172353347262,0.6,854,1
0.7325735231457585,0.7,854,0
0.8117303234608977,0.8,854,0
0.5874965605373076,0.6,855,1
0.6917243664855061,0.7,855,1
0.7971855475426759,0.8,855,1
0.5739260330806348,0.6,856,0
0.6965382679271607,0.7,856,1
0.8052107710911629,0.8,856,1
0.603048498374019,0.6,857,1
0.7100287276393944,0.7,857,1
0.8073979128810638,0.8,857,1
0.5906293123686237,0.6,858,1
0.6906375954396746,0.7,858,1
0.7928816634613526,0.8,858,1
0.6017502354094459,0.6,859,1
0.7079409948748707,0.7,859,1
0.8026911851999534,0.8,859,1
0.6145558611777749,0.6,860,1
0.7052671727903784,0.7,860,1
0.8050260044844894,0.8,860,1
0.588474957715358,0.6,861,1
0.7007833027791133,0.7,861,1
0.7955180760473313,0.8,861,1
0.6288398196907932,0.6,862,1
0.7017086285905294,0.7,862,1
0.8036663006553693,0.8,862,1
0.5837546417956094,0.6,863,1
0.6976184855816222,0.7,863,1
0.7959187051649982,0.8,863,1
0.5896500059272907,0.6,864,1
0.6975467632381843,0.7,864,1
0.7978966329359322,0.8,864,1
0.6042482730387685,0.6,865,1
0.7109366392227481,0.7,865,1
0.7976689021309928,0.8,865,1
0.6213231524038729,0.6,866,1
0.7060222456153908,0.7,866,1
0.8050386055325492,0.8,866,1
0.6173921145115883,0.6,867,1
0.6796007780004519,0.7,867,0
0.7946477210701057,0.8,867,1
0.5923063483922885,0.6,868,1
0.6969664444707149,0.7,868,1
0.8070238649602605,0.8,868,1
0.6168057888863095,0.6,869,1
0.7015758987197307,0.7,869,1
0.8090178529127404,0.8,869,0
0.6107341231970768,0.6,870,1
0.6989938522202878,0.7,870,1
0.7922548332561322,0.8,870,1
0.6341248531058175,0.6,871,0
0.7069889559698894,0.7,871,1
0.8019379329587745,0.8,871,1
0.5983887085507497,0.6,872,1
0.69303251668017,0.7,872,1
0.789481165260218,0.8,872,1
0.5848452126739496,0.6,873,1
0.7004420680102454,0.7,873,1
0.7970517390547649,0.8,873,1
0.5871117738934173,0.6,874,1
0.6878956867116782,0.7,874,1
0.8047740836060252,0.8,874,1
0.6081710374423556,0.6,875,1
0.7013173325221796,0.7,875,1
0.7954892841682494,0.8,875,1
0.6088280112856365,0.6,876,1
0.7091720842603944,0.7,876,1
0.8069194222384026,0.8,876,1
0.6334779465367278,0.6,877,0
0.6861105918740651,0.7,877,1
0.797347537827419,0.8,877,1
0.6025205491115128,0.6,878,1
0.6938838347297984,0.7,878,1
0.7876213920556098,0.8,878,0
0.6044907853860219,0.6,879,1
0.6892544967570439,0.7,879,1
0.7825908203772812,0.8,879,0
0.6115888263490241,0.6,880,1
0.7055730244792922,0.7,880,1
0.8004920889498355,0.8,880,1
0.6040831489785985,0.6,881,1
0.6922903136969942,0.7,881,1
0.8009186618241225,0.8,881,1
0.6005943335677383,0.6,882,1
0.7012626122215485,0.7,882,1
0.8053452898258636,0.8,882,1
0.5567918148961786,0.6,883,0
0.6935729814081175,0.7,883,1
0.8055252507842533,0.8,883,1
0.5898706580524596,0.6,884,1
0.705366684226433,0.7,884,1
0.8061299855448532,0.8,884,1
0.6081342097363591,0.6,885,1
0.7086515229232903,0.7,885,1
0.8063598520063051,0.8,885,1
0.610115696303587,0.6,886,1
0.708426613417179,0.7,886,1
0.8005932981276012,0.8,886,1
0.6080221998096387,0.6,887,1
0.7000335480989024,0.7,887,1
0.7917017103175977,0.8,887,1
0.6113772715713558,0.6,888,1
0.7109809155033,0.7,888,1
0.7966517428562512,0.8,888,1
0.6273556746694601,0.6,889,1
0.7265346568530696,0.7,889,1
0.7981727860683345,0.8,889,1
0.6274127314189969,0.6,890,0
0.7097190780774946,0.7,890,1
0.7986958513978364,0.8,890,1
0.6131982423502765,0.6,891,1
0.7007713613380635,0.7,891,1
0.8015359087177312,0.8,891,1
0.5835179167899585,0.6,892,1
0.7006461981799119,0.7,892,1
0.8060065121062818,0.8,892,1
0.61094045072606,0.6,893,1
0.6987724414745853,0.7,893,1
0.795263048145838,0.8,893,1
0.6128074459652183,0.6,894,1
0.7044593149777283,0.7,894,1
0.8047423442992561,0.8,894,1
0.5933286622715176,0.6,895,1
0.705750284166561,0.7,895,1
0.7992251882995456,0.8,895,1
0.5996293048358189,0.6,896,1
0.7075515570177201,0.7,896,1
0.8004320489614419,0.8,896,1
0.6201124117368133,0.6,897,1
0.7015288367566439,0.7,897,1
0.7986499368615229,0.8,897,1
0.6183435288970824,0.6,898,1
0.6888431857447764,0.7,898,1
0.7917234381415577,0.8,898,1
0.6008437423680081,0.6,899,1
0.697839259496246,0.7,899,1
0.8031703982214083,0.8,899,1
0.5702987046472564,0.6,900,1
0.7082422203561763,0.7,900,1
0.7980155789270651,0.8,900,1
0.6064096324680026,0.6,901,1
0.6896728543467944,0.7,901,1
0.7929003629203715,0.8,901,1
0.6067774865868394,0.6,902,1
0.7012103864213598,0.7,902,1
0.8070464122404692,0.8,902,1
0.5844065436255989,0.6,903,1
0.6917934274295009,0.7,903,1
0.7978747752722939,0.8,903,1
0.6124705171793771,0.6,904,1
0.6922887202964672,0.7,904,1
0.7964931299894225,0.8,904,1
0.6202410525276704,0.6,905,1
0.7047103381069719,0.7,905,1
0.7973450863527438,0.8,905,1
0.5833454918745082,0.6,906,1
0.6974483720104846,0.7,906,1
0.8065644265445732,0.8,906,1
0.5745675084609616,0.6,907,1
0.7104139516939427,0.7,907,1
0.7993000095100039,0.8,907,1
0.6061380083454336,0.6,908,1
0.7144444650475396,0.7,908,1
0.7952488567985935,0.8,908,1
0.6068825551126825,0.6,909,1
0.6825912484665393,0.7,909,0
0.7991839180217188,0.8,909,1
0.6081905602608928,0.6,910,1
0.6949649336886193,0.7,910,1
0.7973169260731281,0.8,910,1
0.6009338001599627,0.6,911,1
0.6964031671275227,0.7,911,1
0.8004682452048708,0.8,911,1
0.5886220467356977,0.6,912,1
0.7046847599500005,0.7,912,1
0.8009216426488116,0.8,912,1
0.6110573914953383,0.6,913,1
0.7161202331181746,0.7,913,1
0.8070790984219628,0.8,913,1
0.5805090595711019,0.6,914,1
0.7098592818812236,0.7,914,1
0.7878602654530392,0.8,914,1
0.6083945065619475,0.6,915,1
0.7101043670732814,0.7,915,1
0.7987701173998687,0.8,915,1
0.5946262246617499,0.6,916,1
0.6980653509458116,0.7,916,1
0.8088198051821296,0.8,916,0
0.613448788188168,0.6,917,1
0.7101954065849387,0.7,917,1
0.807104489978689,0.8,917,1
0.611859071243188,0.6,918,1
0.7055321873923536,0.7,918,1
0.800627635065116,0.8,918,1
0.5989081242073236,0.6,919,1
0.6899906680323475,0.7,919,1
0.7955531039141266,0.8,919,1
0.613893074020426,0.6,920,1
0.7075532115261449,0.7,920,1
0.8008724800732081,0.8,920,1
0.597403910422697,0.6,921,1
0.7171956510846041,0.7,921,0
0.8025921249984379,0.8,921,1
0.6212750047687838,0.6,922,1
0.6990077526811386,0.7,922,1
0.8051594872380713,0.8,922,1
0.6079656227577358,0.6,923,1
0.6998128320734543,0.7,923,1
0.79989792571956,0.8,923,1
0.6229200458069859,0.6,924,0
0.7014045253063765,0.7,924,1
0.8065642976732188,0.8,924,1
0.5917000140824994,0.6,925,1
0.6863211983876182,0.7,925,1
0.7964041040721589,0.8,925,1
0.6062576517489843,0.6,926,1
0.7254586325946394,0.7,926,1
0.7956638016899655,0.8,926,1
0.596695352639187,0.6,927,1
0.694277355255136,0.7,927,1
0.7985787901010795,0.8,927,1
0.6007714779225772,0.6,928,1
0.705058035502921,0.7,928,1
0.798998211807972,0.8,928,1
0.5937357610315135,0.6,929,1
0.6916816051146524,0.7,929,1
0.7852387014063902,0.8,929,0
0.6094604201221229,0.6,930,1
0.7166704408889158,0.7,930,0
0.8000156238955142,0.8,930,1
0.6062206313045022,0.6,931,1
0.703361436940116,0.7,931,1
0.7988895382325794,0.8,931,1
0.6014258609026855,0.6,932,1
0.7076632597905165,0.7,932,1
0.7999572050769488,0.8,932,1
0.6161140716625988,0.6,933,1
0.7011533907731288,0.7,933,1
0.7813657277930527,0.8,933,0
0.6035768149548429,0.6,934,1
0.7159374793490517,0.7,934,0
0.8097381204925027,0.8,934,0
0.5985031767346041,0.6,935,1
0.71454841143179,0.7,935,0
0.8042433036947172,0.8,935,1
0.6108643890650098,0.6,936,1
0.7078944321358613,0.7,936,1
0.8062362203801199,0.8,936,1
0.5918500468579507,0.6,937,1
0.70545295510505,0.7,937,1
0.8033225980928916,0.8,937,1
0.6017952643728938,0.6,938,1
0.6941093714328297,0.7,938,1
0.8012580126949937,0.8,938,1
0.6060095267603746,0.6,939,1
0.6980082028191548,0.7,939,1
0.7973539986636461,0.8,939,1
0.6143573590417075,0.6,940,1
0.7068348813634756,0.7,940,1
0.7958920280512821,0.8,940,1
0.6180628251572753,0.6,941,1
0.6864384685515276,0.7,941,1
0.7989362915516517,0.8,941,1
0.5915947987701772,0.6,942,1
0.7117840515616963,0.7,942,1
0.8056853286305974,0.8,942,1
0.6276502367251092,0.6,943,0
0.6963484946116353,0.7,943,1
0.7948094210665376,0.8,943,1
0.5997636216957069,0.6,944,1
0.6928146478771452,0.7,944,1
0.8033260173438355,0.8,944,1
0.6215634702568128,0.6,945,1
0.689711842785788,0.7,945,1
0.7985374095378219,0.8,945,1
0.6087372820644554,0.6,946,1
0.6988536680805857,0.7,946,1
0.7946385656396344,0.8,946,1
0.6111562177208759,0.6,947,1
0.7018752502058465,0.7,947,1
0.8047976764938807,0.8,947,1
0.6138874154109573,0.6,948,1
0.6969113104416681,0.7,948,1
0.8042713694398088,0.8,948,1
0.5910458608663157,0.6,949,1
0.7084222897215274,0.7,949,1
0.8036659523385603,0.8,949,1
0.6214475218793529,0.6,950,0
0.7096216476594727,0.7,950,1
0.8019798709894821,0.8,950,1
0.5658904238396149,0.6,951,0
0.6895237213424337,0.7,951,1
0.8041366985295871,0.8,951,1
0.6064030925258592,0.6,952,1
0.7037192896542437,0.7,952,1
0.7956006882937394,0.8,952,1
0.5985821571358676,0.6,953,1
0.7063895247343067,0.7,953,1
0.792775605369437,0.8,953,1
0.598637744254158,0.6,954,1
0.7029332214599554,0.7,954,1
0.8055417354916198,0.8,954,1
0.5931112230355458,0.6,955,1
0.6934519028268744,0.7,955,1
0.8091496719425564,0.8,955,0
0.6083367422793942,0.6,956,1
0.7096207934354459,0.7,956,1
0.8007031278375275,0.8,956,1
0.5797066834068284,0.6,957,1
0.682454730415778,0.7,957,0
0.8042699958053066,0.8,957,1
0.6089990069270109,0.6,958,1
0.6958446925379125,0.7,958,1
0.7959993741763767,0.8,958,1
0.6207972155598116,0.6,959,1
0.7025201785050948,0.7,959,1
0.7997440665315695,0.8,959,1
0.6233280595780641,0.6,960,1
0.7062484577047556,0.7,960,1
0.8019849648788993,0.8,960,1
0.6138954403638672,0.6,961,1
0.7045359446963869,0.7,961,1
0.8014488567781006,0.8,961,1
0.604999074271298,0.6,962,1
0.7053168187035264,0.7,962,1
0.8069503078901435,0.8,962,1
0.5927368260155603,0.6,963,1
0.6984995563371293,0.7,963,1
0.7943094730687253,0.8,963,1
0.6128873715813247,0.6,964,1
0.6937540539045333,0.7,964,1
0.8033022004762187,0.8,964,1
0.6060838818763661,0.6,965,1
0.7045079718911353,0.7,965,1
0.8096324773058505,0.8,965,1
0.5885942579234592,0.6,966,1
0.6926740213481893,0.7,966,1
0.795137398068005,0.8,966,1
0.5987014433873449,0.6,967,1
0.6989881315054174,0.7,967,1
0.797929578028916,0.8,967,1
0.6158989788856498,0.6,968,1
0.6974253784905745,0.7,968,1
0.7971992772185627,0.8,968,1
0.6128852131181498,0.6,969,1
0.7051556067659026,0.7,969,1
0.7952165448873629,0.8,969,1
0.6169839640778728,0.6,970,1
0.6994150087534041,0.7,970,1
0.8018503664342216,0.8,970,1
0.6051231180328832,0.6,971,1
0.6938407360844752,0.7,971,1
0.7808553275897167,0.8,971,0
0.5921266616851286,0.6,972,1
0.7118523783246139,0.7,972,1
0.7987676672090103,0.8,972,1
0.5887456559059232,0.6,973,1
0.6837109138486738,0.7,973,1
0.8051176800854729,0.8,973,1
0.5968974441074492,0.6,974,1
0.7092960648614004,0.7,974,1
0.8006910455694801,0.8,974,1
0.6008497730605381,0.6,975,1
0.70647339350404,0.7,975,1
0.7996672246584497,0.8,975,1
0.6225227100049212,0.6,976,1
0.7033513813553601,0.7,976,1
0.8005784686574006,0.8,976,1
0.607276315497094,0.6,977,1
0.7070036771240548,0.7,977,1
0.8019527504062692,0.8,977,1
0.5955371156020884,0.6,978,1
0.6970047768778742,0.7,978,1
0.8031289187475076,0.8,978,1
0.6106917030770056,0.6,979,1
0.7051587434484005,0.7,979,1
0.8022477324950166,0.8,979,1
0.6090321528713236,0.6,980,1
0.7162801078347675,0.7,980,0
0.7988638711349986,0.8,980,1
0.6094159608741422,0.6,981,1
0.6971507186939405,0.7,981,1
0.8122963477518383,0.8,981,0
0.5883974967053933,0.6,982,1
0.7019614209885316,0.7,982,1
0.804753997449271,0.8,982,1
0.6041612491678956,0.6,983,1
0.6989123391402395,0.7,983,1
0.8074626079685174,0.8,983,1
0.6242705228181435,0.6,984,0
0.704717763540277,0.7,984,1
0.808949319119709,0.8,984,0
0.6144761567125901,0.6,985,1
0.718318136860124,0.7,985,1
0.8132080552799331,0.8,985,1
0.5754229220643095,0.6,986,1
0.6507859413269221,0.7,986,0
0.7975381524493854,0.8,986,1
0.5978352523285646,0.6,987,1
0.6907826330802019,0.7,987,1
0.8028901601669698,0.8,987,1
0.6046165196171502,0.6,988,1
0.6890870050042658,0.7,988,1
0.7970545971776671,0.8,988,1
0.5839130435266943,0.6,989,1
0.7010858598518934,0.7,989,1
0.7957129157352532,0.8,989,1
0.5701327541525218,0.6,990,1
0.6826390859403699,0.7,990,1
0.7890683195595699,0.8,990,0
0.5910339139495756,0.6,991,1
0.7019860180660752,0.7,991,1
0.801418507484997,0.8,991,1
0.6195706682930402,0.6,992,1
0.7002203135927613,0.7,992,1
0.7862331103592816,0.8,992,0
0.6171874124057961,0.6,993,1
0.7059957024377252,0.7,993,1
0.7993568737377762,0.8,993,1
0.609212001769264,0.6,994,1
0.6969751514594675,0.7,994,1
0.7983854956811834,0.8,994,1
0.5978416133232706,0.6,995,1
0.6915979555630588,0.7,995,1
0.8002489743400327,0.8,995,1
0.6276427069308158,0.6,996,1
0.695365077700462,0.7,996,1
0.7996421223201523,0.8,996,1
0.6029743309287549,0.6,997,1
0.7065536033335684,0.7,997,1
0.7996099964637816,0.8,997,1
0.6099024461807402,0.6,998,1
0.7073681443484338,0.7,998,1
0.8023454951733245,0.8,998,1
0.590946050125303,0.6,999,1
0.6839444944786619,0.7,999,1
0.8012885680877624,0.8,999,1
